-- MySQL dump 10.13  Distrib 8.0.44, for Win64 (x86_64)
--
-- Host: localhost    Database: microcon_website
-- ------------------------------------------------------
-- Server version	8.0.44

/*!40101 SET @OLD_CHARACTER_SET_CLIENT=@@CHARACTER_SET_CLIENT */;
/*!40101 SET @OLD_CHARACTER_SET_RESULTS=@@CHARACTER_SET_RESULTS */;
/*!40101 SET @OLD_COLLATION_CONNECTION=@@COLLATION_CONNECTION */;
/*!50503 SET NAMES utf8 */;
/*!40103 SET @OLD_TIME_ZONE=@@TIME_ZONE */;
/*!40103 SET TIME_ZONE='+00:00' */;
/*!40014 SET @OLD_UNIQUE_CHECKS=@@UNIQUE_CHECKS, UNIQUE_CHECKS=0 */;
/*!40014 SET @OLD_FOREIGN_KEY_CHECKS=@@FOREIGN_KEY_CHECKS, FOREIGN_KEY_CHECKS=0 */;
/*!40101 SET @OLD_SQL_MODE=@@SQL_MODE, SQL_MODE='NO_AUTO_VALUE_ON_ZERO' */;
/*!40111 SET @OLD_SQL_NOTES=@@SQL_NOTES, SQL_NOTES=0 */;

--
-- Table structure for table `about`
--

DROP TABLE IF EXISTS `about`;
/*!40101 SET @saved_cs_client     = @@character_set_client */;
/*!50503 SET character_set_client = utf8mb4 */;
CREATE TABLE `about` (
  `id` bigint unsigned NOT NULL AUTO_INCREMENT,
  `hero` json DEFAULT NULL,
  `story` json DEFAULT NULL,
  `values_title` varchar(255) COLLATE utf8mb4_unicode_ci DEFAULT NULL,
  `values_subtitle` text COLLATE utf8mb4_unicode_ci,
  `values` json DEFAULT NULL,
  `team_overline` varchar(255) COLLATE utf8mb4_unicode_ci DEFAULT NULL,
  `team_title` varchar(255) COLLATE utf8mb4_unicode_ci DEFAULT NULL,
  `team` json DEFAULT NULL,
  `meta_title` varchar(255) COLLATE utf8mb4_unicode_ci DEFAULT NULL,
  `meta_description` text COLLATE utf8mb4_unicode_ci,
  `meta_keywords` varchar(255) COLLATE utf8mb4_unicode_ci DEFAULT NULL,
  `og_image` varchar(255) COLLATE utf8mb4_unicode_ci DEFAULT NULL,
  `created_at` timestamp NULL DEFAULT NULL,
  `updated_at` timestamp NULL DEFAULT NULL,
  PRIMARY KEY (`id`)
) ENGINE=InnoDB AUTO_INCREMENT=2 DEFAULT CHARSET=utf8mb4 COLLATE=utf8mb4_unicode_ci;
/*!40101 SET character_set_client = @saved_cs_client */;

--
-- Dumping data for table `about`
--

LOCK TABLES `about` WRITE;
/*!40000 ALTER TABLE `about` DISABLE KEYS */;
INSERT INTO `about` VALUES (1,'{\"title\": \"Empowering Your World\", \"overline\": \"WHO WE ARE\", \"subtitle\": \"We are dedicated to providing reliable, efficient, and sustainable power solutions for businesses and homes across the globe.\"}','{\"image\": null, \"stats\": [{\"label\": \"Years Experience\", \"value\": \"15+\"}, {\"label\": \"Projects Completed\", \"value\": \"500+\"}, {\"label\": \"Team Members\", \"value\": \"50+\"}], \"title\": \"Decades of Excellence in Power Solutions\", \"overline\": \"OUR STORY\", \"description\": \"<p>Founded in 2010, Micro Control Technology began with a simple mission: to ensure that no business or home has to suffer from power interruptions. What started as a small local service has grown into a leading provider of comprehensive power support solutions.</p><p>We specialize in UPS systems, industrial backup power, battery maintenance, and smart energy management. Our team of certified engineers works tirelessly to deliver products and services that you can trust.</p>\"}','Our Core Values','The principles that guide every project we undertake.','[{\"icon\": \"mdi-shield-check\", \"title\": \"Reliability\", \"description\": \"We deliver systems you can count on. Our backup solutions are tested rigorously to ensure 99.9% uptime.\"}, {\"icon\": \"mdi-lightbulb-on-outline\", \"title\": \"Innovation\", \"description\": \"We stay ahead of the curve by adopting the latest technologies in power management and battery efficiency.\"}, {\"icon\": \"mdi-account-heart-outline\", \"title\": \"Customer First\", \"description\": \"Your satisfaction is our priority. We offer personalized solutions and 24/7 support for all our clients.\"}]','OUR TEAM','Meet the Experts','[{\"name\": \"James Wilson\", \"role\": \"CEO & Founder\", \"image\": \"https://i.pravatar.cc/300?img=11\", \"twitter\": null, \"linkedin\": null}, {\"name\": \"Elena Rodriguez\", \"role\": \"Chief Engineer\", \"image\": \"https://i.pravatar.cc/300?img=5\", \"twitter\": null, \"linkedin\": null}, {\"name\": \"Michael Chang\", \"role\": \"Operations Manager\", \"image\": \"https://i.pravatar.cc/300?img=3\", \"twitter\": null, \"linkedin\": null}, {\"name\": \"Sarah Patel\", \"role\": \"Head of Support\", \"image\": \"https://i.pravatar.cc/300?img=9\", \"twitter\": null, \"linkedin\": null}]',NULL,NULL,NULL,NULL,'2025-11-28 15:05:14','2025-11-28 15:05:14');
/*!40000 ALTER TABLE `about` ENABLE KEYS */;
UNLOCK TABLES;

--
-- Table structure for table `blog_posts`
--

DROP TABLE IF EXISTS `blog_posts`;
/*!40101 SET @saved_cs_client     = @@character_set_client */;
/*!50503 SET character_set_client = utf8mb4 */;
CREATE TABLE `blog_posts` (
  `id` bigint unsigned NOT NULL AUTO_INCREMENT,
  `title` varchar(255) COLLATE utf8mb4_unicode_ci NOT NULL,
  `slug` varchar(255) COLLATE utf8mb4_unicode_ci NOT NULL,
  `excerpt` text COLLATE utf8mb4_unicode_ci,
  `content` text COLLATE utf8mb4_unicode_ci NOT NULL,
  `featured_image` varchar(255) COLLATE utf8mb4_unicode_ci DEFAULT NULL,
  `author_id` bigint unsigned NOT NULL,
  `published_at` datetime DEFAULT NULL,
  `meta_title` varchar(255) COLLATE utf8mb4_unicode_ci DEFAULT NULL,
  `meta_description` text COLLATE utf8mb4_unicode_ci,
  `meta_keywords` varchar(255) COLLATE utf8mb4_unicode_ci DEFAULT NULL,
  `og_image` varchar(255) COLLATE utf8mb4_unicode_ci DEFAULT NULL,
  `published` tinyint(1) NOT NULL DEFAULT '0',
  `views` int NOT NULL DEFAULT '0',
  `created_at` timestamp NULL DEFAULT NULL,
  `updated_at` timestamp NULL DEFAULT NULL,
  `deleted_at` timestamp NULL DEFAULT NULL,
  PRIMARY KEY (`id`),
  UNIQUE KEY `blog_posts_slug_unique` (`slug`),
  KEY `blog_posts_author_id_foreign` (`author_id`),
  CONSTRAINT `blog_posts_author_id_foreign` FOREIGN KEY (`author_id`) REFERENCES `users` (`id`) ON DELETE CASCADE
) ENGINE=InnoDB AUTO_INCREMENT=4 DEFAULT CHARSET=utf8mb4 COLLATE=utf8mb4_unicode_ci;
/*!40101 SET character_set_client = @saved_cs_client */;

--
-- Dumping data for table `blog_posts`
--

LOCK TABLES `blog_posts` WRITE;
/*!40000 ALTER TABLE `blog_posts` DISABLE KEYS */;
INSERT INTO `blog_posts` VALUES (1,'10 Ways to Improve Your Business Efficiency','improve-business-efficiency','Discover practical strategies to streamline operations and boost productivity in your business.','<p>Efficiency is key to business success. In this article, we explore ten proven strategies to improve your business operations and drive better results.</p><h2>1. Automate Repetitive Tasks</h2><p>Automation can save countless hours and reduce errors. Identify tasks that can be automated and implement solutions.</p><h2>2. Streamline Communication</h2><p>Effective communication is essential. Use collaboration tools to improve team communication.</p><p>Continue reading for more tips...</p>',NULL,1,'2025-11-23 21:05:14',NULL,NULL,NULL,NULL,1,0,'2025-11-28 15:05:14','2025-11-28 15:05:14',NULL),(2,'The Future of Digital Marketing','future-of-digital-marketing','Exploring emerging trends and technologies shaping the future of digital marketing.','<p>Digital marketing continues to evolve. Let\'s explore the trends that will shape the industry in the coming years.</p><h2>AI and Machine Learning</h2><p>Artificial intelligence is revolutionizing how we approach marketing, enabling personalization at scale.</p><h2>Voice Search Optimization</h2><p>With the rise of smart speakers, optimizing for voice search is becoming increasingly important.</p>',NULL,1,'2025-11-16 21:05:14',NULL,NULL,NULL,NULL,1,0,'2025-11-28 15:05:14','2025-11-28 15:05:14',NULL),(3,'Case Study: Successful Business Transformation','case-study-business-transformation','How one company achieved remarkable results through strategic business transformation.','<p>This case study examines how a mid-size company achieved significant growth through strategic transformation.</p><h2>The Challenge</h2><p>The company faced declining market share and operational inefficiencies.</p><h2>The Solution</h2><p>Through comprehensive analysis and strategic planning, we helped implement transformative changes.</p><h2>The Results</h2><p>The results exceeded expectations, with 200% growth in revenue.</p>',NULL,1,'2025-11-08 21:05:14',NULL,NULL,NULL,NULL,1,0,'2025-11-28 15:05:14','2025-11-28 15:05:14',NULL);
/*!40000 ALTER TABLE `blog_posts` ENABLE KEYS */;
UNLOCK TABLES;

--
-- Table structure for table `bookings`
--

DROP TABLE IF EXISTS `bookings`;
/*!40101 SET @saved_cs_client     = @@character_set_client */;
/*!50503 SET character_set_client = utf8mb4 */;
CREATE TABLE `bookings` (
  `id` bigint unsigned NOT NULL AUTO_INCREMENT,
  `name` varchar(255) COLLATE utf8mb4_unicode_ci NOT NULL,
  `email` varchar(255) COLLATE utf8mb4_unicode_ci NOT NULL,
  `phone` varchar(255) COLLATE utf8mb4_unicode_ci NOT NULL,
  `service_type` varchar(255) COLLATE utf8mb4_unicode_ci DEFAULT NULL,
  `preferred_date` date NOT NULL,
  `preferred_time` time DEFAULT NULL,
  `message` text COLLATE utf8mb4_unicode_ci,
  `status` varchar(255) COLLATE utf8mb4_unicode_ci NOT NULL DEFAULT 'pending',
  `notes` text COLLATE utf8mb4_unicode_ci,
  `created_at` timestamp NULL DEFAULT NULL,
  `updated_at` timestamp NULL DEFAULT NULL,
  PRIMARY KEY (`id`)
) ENGINE=InnoDB DEFAULT CHARSET=utf8mb4 COLLATE=utf8mb4_unicode_ci;
/*!40101 SET character_set_client = @saved_cs_client */;

--
-- Dumping data for table `bookings`
--

LOCK TABLES `bookings` WRITE;
/*!40000 ALTER TABLE `bookings` DISABLE KEYS */;
/*!40000 ALTER TABLE `bookings` ENABLE KEYS */;
UNLOCK TABLES;

--
-- Table structure for table `branches`
--

DROP TABLE IF EXISTS `branches`;
/*!40101 SET @saved_cs_client     = @@character_set_client */;
/*!50503 SET character_set_client = utf8mb4 */;
CREATE TABLE `branches` (
  `id` bigint unsigned NOT NULL AUTO_INCREMENT,
  `name` varchar(255) COLLATE utf8mb4_unicode_ci NOT NULL,
  `slug` varchar(255) COLLATE utf8mb4_unicode_ci NOT NULL,
  `address` text COLLATE utf8mb4_unicode_ci NOT NULL,
  `city` varchar(255) COLLATE utf8mb4_unicode_ci DEFAULT NULL,
  `state` varchar(255) COLLATE utf8mb4_unicode_ci DEFAULT NULL,
  `postal_code` varchar(255) COLLATE utf8mb4_unicode_ci DEFAULT NULL,
  `country` varchar(255) COLLATE utf8mb4_unicode_ci DEFAULT NULL,
  `phone` varchar(255) COLLATE utf8mb4_unicode_ci DEFAULT NULL,
  `email` varchar(255) COLLATE utf8mb4_unicode_ci DEFAULT NULL,
  `map_embed_code` text COLLATE utf8mb4_unicode_ci,
  `opening_hours` json DEFAULT NULL,
  `latitude` decimal(10,8) DEFAULT NULL,
  `longitude` decimal(11,8) DEFAULT NULL,
  `published` tinyint(1) NOT NULL DEFAULT '1',
  `order` int NOT NULL DEFAULT '0',
  `created_at` timestamp NULL DEFAULT NULL,
  `updated_at` timestamp NULL DEFAULT NULL,
  `deleted_at` timestamp NULL DEFAULT NULL,
  PRIMARY KEY (`id`),
  UNIQUE KEY `branches_slug_unique` (`slug`)
) ENGINE=InnoDB AUTO_INCREMENT=2 DEFAULT CHARSET=utf8mb4 COLLATE=utf8mb4_unicode_ci;
/*!40101 SET character_set_client = @saved_cs_client */;

--
-- Dumping data for table `branches`
--

LOCK TABLES `branches` WRITE;
/*!40000 ALTER TABLE `branches` DISABLE KEYS */;
INSERT INTO `branches` VALUES (1,'Mirpur Office','mirpur-office','House 15, Road 13, Block D, Section 06','Mirpur','Dhaka','1216','Bangladesh','+8801712258689','info@microcontrol.com',NULL,'{\"friday\": \"9:00 AM - 7:00 PM\", \"monday\": \"9:00 AM - 7:00 PM\", \"sunday\": \"Closed\", \"tuesday\": \"9:00 AM - 7:00 PM\", \"saturday\": \"9:00 AM - 5:00 PM\", \"thursday\": \"9:00 AM - 7:00 PM\", \"wednesday\": \"9:00 AM - 7:00 PM\"}',NULL,NULL,1,1,'2025-11-28 15:05:14','2025-11-28 15:05:14',NULL);
/*!40000 ALTER TABLE `branches` ENABLE KEYS */;
UNLOCK TABLES;

--
-- Table structure for table `cache`
--

DROP TABLE IF EXISTS `cache`;
/*!40101 SET @saved_cs_client     = @@character_set_client */;
/*!50503 SET character_set_client = utf8mb4 */;
CREATE TABLE `cache` (
  `key` varchar(255) COLLATE utf8mb4_unicode_ci NOT NULL,
  `value` mediumtext COLLATE utf8mb4_unicode_ci NOT NULL,
  `expiration` int NOT NULL,
  PRIMARY KEY (`key`)
) ENGINE=InnoDB DEFAULT CHARSET=utf8mb4 COLLATE=utf8mb4_unicode_ci;
/*!40101 SET character_set_client = @saved_cs_client */;

--
-- Dumping data for table `cache`
--

LOCK TABLES `cache` WRITE;
/*!40000 ALTER TABLE `cache` DISABLE KEYS */;
/*!40000 ALTER TABLE `cache` ENABLE KEYS */;
UNLOCK TABLES;

--
-- Table structure for table `cache_locks`
--

DROP TABLE IF EXISTS `cache_locks`;
/*!40101 SET @saved_cs_client     = @@character_set_client */;
/*!50503 SET character_set_client = utf8mb4 */;
CREATE TABLE `cache_locks` (
  `key` varchar(255) COLLATE utf8mb4_unicode_ci NOT NULL,
  `owner` varchar(255) COLLATE utf8mb4_unicode_ci NOT NULL,
  `expiration` int NOT NULL,
  PRIMARY KEY (`key`)
) ENGINE=InnoDB DEFAULT CHARSET=utf8mb4 COLLATE=utf8mb4_unicode_ci;
/*!40101 SET character_set_client = @saved_cs_client */;

--
-- Dumping data for table `cache_locks`
--

LOCK TABLES `cache_locks` WRITE;
/*!40000 ALTER TABLE `cache_locks` DISABLE KEYS */;
/*!40000 ALTER TABLE `cache_locks` ENABLE KEYS */;
UNLOCK TABLES;

--
-- Table structure for table `careers`
--

DROP TABLE IF EXISTS `careers`;
/*!40101 SET @saved_cs_client     = @@character_set_client */;
/*!50503 SET character_set_client = utf8mb4 */;
CREATE TABLE `careers` (
  `id` bigint unsigned NOT NULL AUTO_INCREMENT,
  `title` varchar(255) COLLATE utf8mb4_unicode_ci NOT NULL,
  `slug` varchar(255) COLLATE utf8mb4_unicode_ci NOT NULL,
  `department` varchar(255) COLLATE utf8mb4_unicode_ci DEFAULT NULL,
  `location` varchar(255) COLLATE utf8mb4_unicode_ci DEFAULT NULL,
  `employment_type` varchar(255) COLLATE utf8mb4_unicode_ci DEFAULT NULL,
  `description` text COLLATE utf8mb4_unicode_ci,
  `responsibilities` text COLLATE utf8mb4_unicode_ci,
  `requirements` text COLLATE utf8mb4_unicode_ci,
  `benefits` text COLLATE utf8mb4_unicode_ci,
  `deadline` date DEFAULT NULL,
  `published` tinyint(1) NOT NULL DEFAULT '0',
  `order` int NOT NULL DEFAULT '0',
  `created_at` timestamp NULL DEFAULT NULL,
  `updated_at` timestamp NULL DEFAULT NULL,
  `deleted_at` timestamp NULL DEFAULT NULL,
  PRIMARY KEY (`id`),
  UNIQUE KEY `careers_slug_unique` (`slug`)
) ENGINE=InnoDB AUTO_INCREMENT=3 DEFAULT CHARSET=utf8mb4 COLLATE=utf8mb4_unicode_ci;
/*!40101 SET character_set_client = @saved_cs_client */;

--
-- Dumping data for table `careers`
--

LOCK TABLES `careers` WRITE;
/*!40000 ALTER TABLE `careers` DISABLE KEYS */;
INSERT INTO `careers` VALUES (1,'Senior Business Consultant','senior-business-consultant','Consulting','New York, NY','Full-time','<p>We are seeking an experienced business consultant to join our team.</p>','<ul><li>Lead client consulting engagements</li><li>Develop strategic recommendations</li><li>Manage project teams</li><li>Build client relationships</li></ul>','<ul><li>5+ years of consulting experience</li><li>MBA or equivalent</li><li>Strong analytical skills</li><li>Excellent communication</li></ul>',NULL,'2026-01-28',1,1,'2025-11-28 15:05:14','2025-11-28 15:05:14',NULL),(2,'Digital Marketing Specialist','digital-marketing-specialist','Marketing','Los Angeles, CA','Full-time','<p>Join our marketing team and help clients grow their digital presence.</p>','<ul><li>Develop marketing strategies</li><li>Manage campaigns</li><li>Analyze performance</li><li>Create content</li></ul>','<ul><li>3+ years of digital marketing experience</li><li>Proficiency in SEO/SEM</li><li>Social media expertise</li><li>Analytics skills</li></ul>',NULL,'2025-12-28',1,2,'2025-11-28 15:05:14','2025-11-28 15:05:14',NULL);
/*!40000 ALTER TABLE `careers` ENABLE KEYS */;
UNLOCK TABLES;

--
-- Table structure for table `categories`
--

DROP TABLE IF EXISTS `categories`;
/*!40101 SET @saved_cs_client     = @@character_set_client */;
/*!50503 SET character_set_client = utf8mb4 */;
CREATE TABLE `categories` (
  `id` bigint unsigned NOT NULL AUTO_INCREMENT,
  `name` varchar(255) COLLATE utf8mb4_unicode_ci NOT NULL,
  `slug` varchar(255) COLLATE utf8mb4_unicode_ci NOT NULL,
  `type` varchar(255) COLLATE utf8mb4_unicode_ci NOT NULL DEFAULT 'general',
  `description` text COLLATE utf8mb4_unicode_ci,
  `image` varchar(255) COLLATE utf8mb4_unicode_ci DEFAULT NULL,
  `parent_id` bigint unsigned DEFAULT NULL,
  `order` int NOT NULL DEFAULT '0',
  `published` tinyint(1) NOT NULL DEFAULT '1',
  `created_at` timestamp NULL DEFAULT NULL,
  `updated_at` timestamp NULL DEFAULT NULL,
  PRIMARY KEY (`id`),
  UNIQUE KEY `categories_slug_unique` (`slug`),
  KEY `categories_parent_id_foreign` (`parent_id`),
  CONSTRAINT `categories_parent_id_foreign` FOREIGN KEY (`parent_id`) REFERENCES `categories` (`id`) ON DELETE CASCADE
) ENGINE=InnoDB AUTO_INCREMENT=12 DEFAULT CHARSET=utf8mb4 COLLATE=utf8mb4_unicode_ci;
/*!40101 SET character_set_client = @saved_cs_client */;

--
-- Dumping data for table `categories`
--

LOCK TABLES `categories` WRITE;
/*!40000 ALTER TABLE `categories` DISABLE KEYS */;
INSERT INTO `categories` VALUES (1,'UPS Installation','ups-installation','service',NULL,NULL,NULL,1,1,'2025-11-28 15:05:14','2025-11-28 15:05:14'),(2,'Battery Replacement','battery-replacement','service',NULL,NULL,NULL,2,1,'2025-11-28 15:05:14','2025-11-28 15:05:14'),(3,'Maintenance & Repair','maintenance','service',NULL,NULL,NULL,3,1,'2025-11-28 15:05:14','2025-11-28 15:05:14'),(4,'UPS Systems','ups-systems','product',NULL,NULL,NULL,1,1,'2025-11-28 15:05:14','2025-11-28 15:05:14'),(5,'Batteries','batteries','product',NULL,NULL,NULL,2,1,'2025-11-28 15:05:14','2025-11-28 15:05:14'),(6,'UPS Components','ups-components','product',NULL,NULL,NULL,3,1,'2025-11-28 15:05:14','2025-11-28 15:05:14'),(7,'News','news','post',NULL,NULL,NULL,1,1,'2025-11-28 15:05:14','2025-11-28 15:05:14'),(8,'Tips & Tricks','tips','post',NULL,NULL,NULL,2,1,'2025-11-28 15:05:14','2025-11-28 15:05:14'),(9,'Case Studies','case-studies','post',NULL,NULL,NULL,3,1,'2025-11-28 15:05:14','2025-11-28 15:05:14'),(10,'IPS Systems','ips-systems','product',NULL,NULL,NULL,2,1,'2025-11-28 15:05:15','2025-11-28 15:05:15'),(11,'Voltage Stabilizers','voltage-stabilizers','product',NULL,NULL,NULL,3,1,'2025-11-28 15:05:15','2025-11-28 15:05:15');
/*!40000 ALTER TABLE `categories` ENABLE KEYS */;
UNLOCK TABLES;

--
-- Table structure for table `category_post`
--

DROP TABLE IF EXISTS `category_post`;
/*!40101 SET @saved_cs_client     = @@character_set_client */;
/*!50503 SET character_set_client = utf8mb4 */;
CREATE TABLE `category_post` (
  `id` bigint unsigned NOT NULL AUTO_INCREMENT,
  `category_id` bigint unsigned NOT NULL,
  `blog_post_id` bigint unsigned NOT NULL,
  `created_at` timestamp NULL DEFAULT NULL,
  `updated_at` timestamp NULL DEFAULT NULL,
  PRIMARY KEY (`id`),
  UNIQUE KEY `category_post_category_id_blog_post_id_unique` (`category_id`,`blog_post_id`),
  KEY `category_post_category_id_index` (`category_id`),
  KEY `category_post_blog_post_id_index` (`blog_post_id`),
  CONSTRAINT `category_post_blog_post_id_foreign` FOREIGN KEY (`blog_post_id`) REFERENCES `blog_posts` (`id`) ON DELETE CASCADE,
  CONSTRAINT `category_post_category_id_foreign` FOREIGN KEY (`category_id`) REFERENCES `categories` (`id`) ON DELETE CASCADE
) ENGINE=InnoDB AUTO_INCREMENT=4 DEFAULT CHARSET=utf8mb4 COLLATE=utf8mb4_unicode_ci;
/*!40101 SET character_set_client = @saved_cs_client */;

--
-- Dumping data for table `category_post`
--

LOCK TABLES `category_post` WRITE;
/*!40000 ALTER TABLE `category_post` DISABLE KEYS */;
INSERT INTO `category_post` VALUES (1,7,1,'2025-11-28 15:05:14','2025-11-28 15:05:14'),(2,8,2,'2025-11-28 15:05:14','2025-11-28 15:05:14'),(3,9,3,'2025-11-28 15:05:14','2025-11-28 15:05:14');
/*!40000 ALTER TABLE `category_post` ENABLE KEYS */;
UNLOCK TABLES;

--
-- Table structure for table `category_product`
--

DROP TABLE IF EXISTS `category_product`;
/*!40101 SET @saved_cs_client     = @@character_set_client */;
/*!50503 SET character_set_client = utf8mb4 */;
CREATE TABLE `category_product` (
  `id` bigint unsigned NOT NULL AUTO_INCREMENT,
  `category_id` bigint unsigned NOT NULL,
  `product_id` bigint unsigned NOT NULL,
  `created_at` timestamp NULL DEFAULT NULL,
  `updated_at` timestamp NULL DEFAULT NULL,
  PRIMARY KEY (`id`),
  KEY `category_product_category_id_foreign` (`category_id`),
  KEY `category_product_product_id_foreign` (`product_id`),
  CONSTRAINT `category_product_category_id_foreign` FOREIGN KEY (`category_id`) REFERENCES `categories` (`id`) ON DELETE CASCADE,
  CONSTRAINT `category_product_product_id_foreign` FOREIGN KEY (`product_id`) REFERENCES `products` (`id`) ON DELETE CASCADE
) ENGINE=InnoDB AUTO_INCREMENT=48 DEFAULT CHARSET=utf8mb4 COLLATE=utf8mb4_unicode_ci;
/*!40101 SET character_set_client = @saved_cs_client */;

--
-- Dumping data for table `category_product`
--

LOCK TABLES `category_product` WRITE;
/*!40000 ALTER TABLE `category_product` DISABLE KEYS */;
INSERT INTO `category_product` VALUES (1,4,1,NULL,NULL),(2,4,2,NULL,NULL),(3,4,3,NULL,NULL),(4,4,4,NULL,NULL),(5,4,5,NULL,NULL),(6,4,6,NULL,NULL),(7,4,7,NULL,NULL),(8,4,8,NULL,NULL),(9,4,9,NULL,NULL),(10,4,10,NULL,NULL),(11,4,11,NULL,NULL),(12,4,12,NULL,NULL),(13,4,13,NULL,NULL),(14,4,14,NULL,NULL),(15,4,15,NULL,NULL),(16,4,16,NULL,NULL),(17,4,17,NULL,NULL),(18,4,18,NULL,NULL),(19,4,19,NULL,NULL),(20,4,20,NULL,NULL),(21,4,21,NULL,NULL),(22,4,22,NULL,NULL),(23,4,23,NULL,NULL),(24,4,24,NULL,NULL),(25,10,25,NULL,NULL),(26,10,26,NULL,NULL),(27,10,27,NULL,NULL),(28,10,28,NULL,NULL),(29,10,29,NULL,NULL),(30,10,30,NULL,NULL),(31,10,31,NULL,NULL),(32,10,32,NULL,NULL),(33,11,33,NULL,NULL),(34,11,34,NULL,NULL),(35,11,35,NULL,NULL),(36,11,36,NULL,NULL),(37,11,37,NULL,NULL),(38,11,38,NULL,NULL),(39,11,39,NULL,NULL),(40,11,40,NULL,NULL),(41,11,41,NULL,NULL),(42,11,42,NULL,NULL),(43,11,43,NULL,NULL),(44,11,44,NULL,NULL),(45,11,45,NULL,NULL),(46,11,46,NULL,NULL),(47,11,47,NULL,NULL);
/*!40000 ALTER TABLE `category_product` ENABLE KEYS */;
UNLOCK TABLES;

--
-- Table structure for table `category_service`
--

DROP TABLE IF EXISTS `category_service`;
/*!40101 SET @saved_cs_client     = @@character_set_client */;
/*!50503 SET character_set_client = utf8mb4 */;
CREATE TABLE `category_service` (
  `id` bigint unsigned NOT NULL AUTO_INCREMENT,
  `category_id` bigint unsigned NOT NULL,
  `service_id` bigint unsigned NOT NULL,
  `created_at` timestamp NULL DEFAULT NULL,
  `updated_at` timestamp NULL DEFAULT NULL,
  PRIMARY KEY (`id`),
  KEY `category_service_category_id_foreign` (`category_id`),
  KEY `category_service_service_id_foreign` (`service_id`),
  CONSTRAINT `category_service_category_id_foreign` FOREIGN KEY (`category_id`) REFERENCES `categories` (`id`) ON DELETE CASCADE,
  CONSTRAINT `category_service_service_id_foreign` FOREIGN KEY (`service_id`) REFERENCES `services` (`id`) ON DELETE CASCADE
) ENGINE=InnoDB AUTO_INCREMENT=5 DEFAULT CHARSET=utf8mb4 COLLATE=utf8mb4_unicode_ci;
/*!40101 SET character_set_client = @saved_cs_client */;

--
-- Dumping data for table `category_service`
--

LOCK TABLES `category_service` WRITE;
/*!40000 ALTER TABLE `category_service` DISABLE KEYS */;
INSERT INTO `category_service` VALUES (1,1,1,NULL,NULL),(2,2,2,NULL,NULL),(3,3,3,NULL,NULL),(4,1,4,NULL,NULL);
/*!40000 ALTER TABLE `category_service` ENABLE KEYS */;
UNLOCK TABLES;

--
-- Table structure for table `event_registrations`
--

DROP TABLE IF EXISTS `event_registrations`;
/*!40101 SET @saved_cs_client     = @@character_set_client */;
/*!50503 SET character_set_client = utf8mb4 */;
CREATE TABLE `event_registrations` (
  `id` bigint unsigned NOT NULL AUTO_INCREMENT,
  `event_id` bigint unsigned NOT NULL,
  `name` varchar(255) COLLATE utf8mb4_unicode_ci NOT NULL,
  `email` varchar(255) COLLATE utf8mb4_unicode_ci NOT NULL,
  `phone` varchar(255) COLLATE utf8mb4_unicode_ci DEFAULT NULL,
  `organization` varchar(255) COLLATE utf8mb4_unicode_ci DEFAULT NULL,
  `notes` text COLLATE utf8mb4_unicode_ci,
  `status` varchar(255) COLLATE utf8mb4_unicode_ci NOT NULL DEFAULT 'registered',
  `created_at` timestamp NULL DEFAULT NULL,
  `updated_at` timestamp NULL DEFAULT NULL,
  PRIMARY KEY (`id`),
  KEY `event_registrations_event_id_foreign` (`event_id`),
  CONSTRAINT `event_registrations_event_id_foreign` FOREIGN KEY (`event_id`) REFERENCES `events` (`id`) ON DELETE CASCADE
) ENGINE=InnoDB DEFAULT CHARSET=utf8mb4 COLLATE=utf8mb4_unicode_ci;
/*!40101 SET character_set_client = @saved_cs_client */;

--
-- Dumping data for table `event_registrations`
--

LOCK TABLES `event_registrations` WRITE;
/*!40000 ALTER TABLE `event_registrations` DISABLE KEYS */;
/*!40000 ALTER TABLE `event_registrations` ENABLE KEYS */;
UNLOCK TABLES;

--
-- Table structure for table `events`
--

DROP TABLE IF EXISTS `events`;
/*!40101 SET @saved_cs_client     = @@character_set_client */;
/*!50503 SET character_set_client = utf8mb4 */;
CREATE TABLE `events` (
  `id` bigint unsigned NOT NULL AUTO_INCREMENT,
  `title` varchar(255) COLLATE utf8mb4_unicode_ci NOT NULL,
  `slug` varchar(255) COLLATE utf8mb4_unicode_ci NOT NULL,
  `description` text COLLATE utf8mb4_unicode_ci,
  `event_date` date NOT NULL,
  `event_time` time DEFAULT NULL,
  `end_date_time` datetime DEFAULT NULL,
  `venue` varchar(255) COLLATE utf8mb4_unicode_ci DEFAULT NULL,
  `address` text COLLATE utf8mb4_unicode_ci,
  `featured_image` varchar(255) COLLATE utf8mb4_unicode_ci DEFAULT NULL,
  `speakers` json DEFAULT NULL,
  `allow_registration` tinyint(1) NOT NULL DEFAULT '1',
  `max_attendees` int DEFAULT NULL,
  `registered_count` int NOT NULL DEFAULT '0',
  `meta_title` varchar(255) COLLATE utf8mb4_unicode_ci DEFAULT NULL,
  `meta_description` text COLLATE utf8mb4_unicode_ci,
  `published` tinyint(1) NOT NULL DEFAULT '0',
  `created_at` timestamp NULL DEFAULT NULL,
  `updated_at` timestamp NULL DEFAULT NULL,
  `deleted_at` timestamp NULL DEFAULT NULL,
  PRIMARY KEY (`id`),
  UNIQUE KEY `events_slug_unique` (`slug`)
) ENGINE=InnoDB AUTO_INCREMENT=3 DEFAULT CHARSET=utf8mb4 COLLATE=utf8mb4_unicode_ci;
/*!40101 SET character_set_client = @saved_cs_client */;

--
-- Dumping data for table `events`
--

LOCK TABLES `events` WRITE;
/*!40000 ALTER TABLE `events` DISABLE KEYS */;
INSERT INTO `events` VALUES (1,'Business Growth Summit 2024','business-growth-summit-2024','<p>Join us for a day of insights, networking, and strategies for business growth.</p>','2026-01-28','09:00:00','2026-01-28 17:00:00','Grand Conference Center','789 Event Avenue, New York, NY 10001',NULL,'[{\"name\": \"Md. Maniruzzaman\", \"title\": \"Owner, MICRO CONTROL TECHNOLOGY\"}, {\"name\": \"Jane Doe\", \"title\": \"Marketing Expert\"}]',1,200,0,NULL,NULL,1,'2025-11-28 15:05:14','2025-11-28 15:05:14',NULL),(2,'Digital Transformation Workshop','digital-transformation-workshop','<p>Learn how to transform your business with digital technologies.</p>','2026-02-28','10:00:00','2026-02-28 16:00:00','Tech Hub Los Angeles','321 Innovation Drive, Los Angeles, CA 90001',NULL,'[{\"name\": \"Mike Johnson\", \"title\": \"CTO, Tech Solutions\"}]',1,50,0,NULL,NULL,1,'2025-11-28 15:05:14','2025-11-28 15:05:14',NULL);
/*!40000 ALTER TABLE `events` ENABLE KEYS */;
UNLOCK TABLES;

--
-- Table structure for table `failed_jobs`
--

DROP TABLE IF EXISTS `failed_jobs`;
/*!40101 SET @saved_cs_client     = @@character_set_client */;
/*!50503 SET character_set_client = utf8mb4 */;
CREATE TABLE `failed_jobs` (
  `id` bigint unsigned NOT NULL AUTO_INCREMENT,
  `uuid` varchar(255) COLLATE utf8mb4_unicode_ci NOT NULL,
  `connection` text COLLATE utf8mb4_unicode_ci NOT NULL,
  `queue` text COLLATE utf8mb4_unicode_ci NOT NULL,
  `payload` longtext COLLATE utf8mb4_unicode_ci NOT NULL,
  `exception` longtext COLLATE utf8mb4_unicode_ci NOT NULL,
  `failed_at` timestamp NOT NULL DEFAULT CURRENT_TIMESTAMP,
  PRIMARY KEY (`id`),
  UNIQUE KEY `failed_jobs_uuid_unique` (`uuid`)
) ENGINE=InnoDB DEFAULT CHARSET=utf8mb4 COLLATE=utf8mb4_unicode_ci;
/*!40101 SET character_set_client = @saved_cs_client */;

--
-- Dumping data for table `failed_jobs`
--

LOCK TABLES `failed_jobs` WRITE;
/*!40000 ALTER TABLE `failed_jobs` DISABLE KEYS */;
/*!40000 ALTER TABLE `failed_jobs` ENABLE KEYS */;
UNLOCK TABLES;

--
-- Table structure for table `faqs`
--

DROP TABLE IF EXISTS `faqs`;
/*!40101 SET @saved_cs_client     = @@character_set_client */;
/*!50503 SET character_set_client = utf8mb4 */;
CREATE TABLE `faqs` (
  `id` bigint unsigned NOT NULL AUTO_INCREMENT,
  `question` varchar(255) COLLATE utf8mb4_unicode_ci NOT NULL,
  `answer` text COLLATE utf8mb4_unicode_ci NOT NULL,
  `category` varchar(255) COLLATE utf8mb4_unicode_ci DEFAULT NULL,
  `order` int NOT NULL DEFAULT '0',
  `published` tinyint(1) NOT NULL DEFAULT '1',
  `created_at` timestamp NULL DEFAULT NULL,
  `updated_at` timestamp NULL DEFAULT NULL,
  PRIMARY KEY (`id`)
) ENGINE=InnoDB AUTO_INCREMENT=6 DEFAULT CHARSET=utf8mb4 COLLATE=utf8mb4_unicode_ci;
/*!40101 SET character_set_client = @saved_cs_client */;

--
-- Dumping data for table `faqs`
--

LOCK TABLES `faqs` WRITE;
/*!40000 ALTER TABLE `faqs` DISABLE KEYS */;
INSERT INTO `faqs` VALUES (1,'What services do you offer?','We offer a wide range of business services including consulting, digital marketing, IT solutions, and financial planning. Our services are tailored to meet your specific business needs.','General',1,1,'2025-11-28 15:05:14','2025-11-28 15:05:14'),(2,'How long does a typical project take?','Project timelines vary depending on the scope and complexity. Simple projects may take 2-4 weeks, while larger implementations can take 3-6 months. We provide detailed timelines during the consultation phase.','General',2,1,'2025-11-28 15:05:14','2025-11-28 15:05:14'),(3,'Do you offer ongoing support?','Yes, we offer various support packages to ensure your systems continue to run smoothly. Support options include helpdesk, maintenance, and strategic consulting.','Support',1,1,'2025-11-28 15:05:14','2025-11-28 15:05:14'),(4,'What is your pricing model?','Our pricing varies based on the services required. We offer both one-time project fees and monthly retainer options. Contact us for a customized quote based on your needs.','Pricing',1,1,'2025-11-28 15:05:14','2025-11-28 15:05:14'),(5,'Can you work with businesses of all sizes?','Absolutely! We work with startups, small businesses, and large enterprises. Our solutions are scalable and adaptable to businesses of any size.','General',3,1,'2025-11-28 15:05:14','2025-11-28 15:05:14');
/*!40000 ALTER TABLE `faqs` ENABLE KEYS */;
UNLOCK TABLES;

--
-- Table structure for table `job_applications`
--

DROP TABLE IF EXISTS `job_applications`;
/*!40101 SET @saved_cs_client     = @@character_set_client */;
/*!50503 SET character_set_client = utf8mb4 */;
CREATE TABLE `job_applications` (
  `id` bigint unsigned NOT NULL AUTO_INCREMENT,
  `career_id` bigint unsigned NOT NULL,
  `name` varchar(255) COLLATE utf8mb4_unicode_ci NOT NULL,
  `email` varchar(255) COLLATE utf8mb4_unicode_ci NOT NULL,
  `phone` varchar(255) COLLATE utf8mb4_unicode_ci DEFAULT NULL,
  `cover_letter` text COLLATE utf8mb4_unicode_ci,
  `resume_path` varchar(255) COLLATE utf8mb4_unicode_ci DEFAULT NULL,
  `additional_data` json DEFAULT NULL,
  `status` varchar(255) COLLATE utf8mb4_unicode_ci NOT NULL DEFAULT 'new',
  `notes` text COLLATE utf8mb4_unicode_ci,
  `created_at` timestamp NULL DEFAULT NULL,
  `updated_at` timestamp NULL DEFAULT NULL,
  PRIMARY KEY (`id`),
  KEY `job_applications_career_id_foreign` (`career_id`),
  CONSTRAINT `job_applications_career_id_foreign` FOREIGN KEY (`career_id`) REFERENCES `careers` (`id`) ON DELETE CASCADE
) ENGINE=InnoDB DEFAULT CHARSET=utf8mb4 COLLATE=utf8mb4_unicode_ci;
/*!40101 SET character_set_client = @saved_cs_client */;

--
-- Dumping data for table `job_applications`
--

LOCK TABLES `job_applications` WRITE;
/*!40000 ALTER TABLE `job_applications` DISABLE KEYS */;
/*!40000 ALTER TABLE `job_applications` ENABLE KEYS */;
UNLOCK TABLES;

--
-- Table structure for table `job_batches`
--

DROP TABLE IF EXISTS `job_batches`;
/*!40101 SET @saved_cs_client     = @@character_set_client */;
/*!50503 SET character_set_client = utf8mb4 */;
CREATE TABLE `job_batches` (
  `id` varchar(255) COLLATE utf8mb4_unicode_ci NOT NULL,
  `name` varchar(255) COLLATE utf8mb4_unicode_ci NOT NULL,
  `total_jobs` int NOT NULL,
  `pending_jobs` int NOT NULL,
  `failed_jobs` int NOT NULL,
  `failed_job_ids` longtext COLLATE utf8mb4_unicode_ci NOT NULL,
  `options` mediumtext COLLATE utf8mb4_unicode_ci,
  `cancelled_at` int DEFAULT NULL,
  `created_at` int NOT NULL,
  `finished_at` int DEFAULT NULL,
  PRIMARY KEY (`id`)
) ENGINE=InnoDB DEFAULT CHARSET=utf8mb4 COLLATE=utf8mb4_unicode_ci;
/*!40101 SET character_set_client = @saved_cs_client */;

--
-- Dumping data for table `job_batches`
--

LOCK TABLES `job_batches` WRITE;
/*!40000 ALTER TABLE `job_batches` DISABLE KEYS */;
/*!40000 ALTER TABLE `job_batches` ENABLE KEYS */;
UNLOCK TABLES;

--
-- Table structure for table `jobs`
--

DROP TABLE IF EXISTS `jobs`;
/*!40101 SET @saved_cs_client     = @@character_set_client */;
/*!50503 SET character_set_client = utf8mb4 */;
CREATE TABLE `jobs` (
  `id` bigint unsigned NOT NULL AUTO_INCREMENT,
  `queue` varchar(255) COLLATE utf8mb4_unicode_ci NOT NULL,
  `payload` longtext COLLATE utf8mb4_unicode_ci NOT NULL,
  `attempts` tinyint unsigned NOT NULL,
  `reserved_at` int unsigned DEFAULT NULL,
  `available_at` int unsigned NOT NULL,
  `created_at` int unsigned NOT NULL,
  PRIMARY KEY (`id`),
  KEY `jobs_queue_index` (`queue`)
) ENGINE=InnoDB DEFAULT CHARSET=utf8mb4 COLLATE=utf8mb4_unicode_ci;
/*!40101 SET character_set_client = @saved_cs_client */;

--
-- Dumping data for table `jobs`
--

LOCK TABLES `jobs` WRITE;
/*!40000 ALTER TABLE `jobs` DISABLE KEYS */;
/*!40000 ALTER TABLE `jobs` ENABLE KEYS */;
UNLOCK TABLES;

--
-- Table structure for table `leads`
--

DROP TABLE IF EXISTS `leads`;
/*!40101 SET @saved_cs_client     = @@character_set_client */;
/*!50503 SET character_set_client = utf8mb4 */;
CREATE TABLE `leads` (
  `id` bigint unsigned NOT NULL AUTO_INCREMENT,
  `type` varchar(255) COLLATE utf8mb4_unicode_ci NOT NULL DEFAULT 'contact',
  `name` varchar(255) COLLATE utf8mb4_unicode_ci NOT NULL,
  `email` varchar(255) COLLATE utf8mb4_unicode_ci DEFAULT NULL,
  `phone` varchar(255) COLLATE utf8mb4_unicode_ci DEFAULT NULL,
  `subject` varchar(255) COLLATE utf8mb4_unicode_ci DEFAULT NULL,
  `message` text COLLATE utf8mb4_unicode_ci,
  `data` json DEFAULT NULL,
  `status` varchar(255) COLLATE utf8mb4_unicode_ci NOT NULL DEFAULT 'new',
  `is_read` tinyint(1) NOT NULL DEFAULT '0',
  `read_at` timestamp NULL DEFAULT NULL,
  `assigned_to` bigint unsigned DEFAULT NULL,
  `notes` text COLLATE utf8mb4_unicode_ci,
  `created_at` timestamp NULL DEFAULT NULL,
  `updated_at` timestamp NULL DEFAULT NULL,
  PRIMARY KEY (`id`),
  KEY `leads_assigned_to_foreign` (`assigned_to`),
  CONSTRAINT `leads_assigned_to_foreign` FOREIGN KEY (`assigned_to`) REFERENCES `users` (`id`) ON DELETE SET NULL
) ENGINE=InnoDB AUTO_INCREMENT=4 DEFAULT CHARSET=utf8mb4 COLLATE=utf8mb4_unicode_ci;
/*!40101 SET character_set_client = @saved_cs_client */;

--
-- Dumping data for table `leads`
--

LOCK TABLES `leads` WRITE;
/*!40000 ALTER TABLE `leads` DISABLE KEYS */;
INSERT INTO `leads` VALUES (1,'contact','John Doe','john.doe@example.com','+1 (555) 111-2222','Inquiry about Services','I am interested in learning more about your business consulting services.',NULL,'new',0,NULL,NULL,NULL,'2025-11-26 15:05:14','2025-11-28 15:05:14'),(2,'quote','Jane Smith','jane.smith@example.com','+1 (555) 333-4444','Request for Quote - Digital Marketing','Please provide a quote for your digital marketing services for our company.',NULL,'in_progress',0,NULL,NULL,NULL,'2025-11-23 15:05:14','2025-11-28 15:05:14'),(3,'contact','Robert Johnson','robert.j@example.com','+1 (555) 555-6666','General Inquiry','Would like to schedule a consultation meeting.',NULL,'completed',0,NULL,NULL,NULL,'2025-11-18 15:05:14','2025-11-28 15:05:14');
/*!40000 ALTER TABLE `leads` ENABLE KEYS */;
UNLOCK TABLES;

--
-- Table structure for table `login_logs`
--

DROP TABLE IF EXISTS `login_logs`;
/*!40101 SET @saved_cs_client     = @@character_set_client */;
/*!50503 SET character_set_client = utf8mb4 */;
CREATE TABLE `login_logs` (
  `id` bigint unsigned NOT NULL AUTO_INCREMENT,
  `user_id` bigint unsigned DEFAULT NULL,
  `email` varchar(255) COLLATE utf8mb4_unicode_ci NOT NULL,
  `ip_address` varchar(45) COLLATE utf8mb4_unicode_ci DEFAULT NULL,
  `user_agent` text COLLATE utf8mb4_unicode_ci,
  `status` enum('success','failed') COLLATE utf8mb4_unicode_ci NOT NULL DEFAULT 'failed',
  `failure_reason` varchar(255) COLLATE utf8mb4_unicode_ci DEFAULT NULL,
  `logged_in_at` timestamp NULL DEFAULT NULL,
  `created_at` timestamp NULL DEFAULT NULL,
  `updated_at` timestamp NULL DEFAULT NULL,
  PRIMARY KEY (`id`),
  KEY `login_logs_user_id_index` (`user_id`),
  KEY `login_logs_email_index` (`email`),
  KEY `login_logs_status_index` (`status`),
  KEY `login_logs_created_at_index` (`created_at`),
  CONSTRAINT `login_logs_user_id_foreign` FOREIGN KEY (`user_id`) REFERENCES `users` (`id`) ON DELETE SET NULL
) ENGINE=InnoDB AUTO_INCREMENT=3 DEFAULT CHARSET=utf8mb4 COLLATE=utf8mb4_unicode_ci;
/*!40101 SET character_set_client = @saved_cs_client */;

--
-- Dumping data for table `login_logs`
--

LOCK TABLES `login_logs` WRITE;
/*!40000 ALTER TABLE `login_logs` DISABLE KEYS */;
INSERT INTO `login_logs` VALUES (1,NULL,'admin@mail.com','127.0.0.1','Mozilla/5.0 (Windows NT 10.0; Win64; x64; rv:145.0) Gecko/20100101 Firefox/145.0','failed','invalid_credentials',NULL,'2025-11-28 15:04:43','2025-11-28 15:04:43'),(2,1,'admin@mail.com','127.0.0.1','Mozilla/5.0 (Windows NT 10.0; Win64; x64; rv:145.0) Gecko/20100101 Firefox/145.0','success',NULL,'2025-11-28 15:05:22','2025-11-28 15:05:22','2025-11-28 15:05:22');
/*!40000 ALTER TABLE `login_logs` ENABLE KEYS */;
UNLOCK TABLES;

--
-- Table structure for table `media`
--

DROP TABLE IF EXISTS `media`;
/*!40101 SET @saved_cs_client     = @@character_set_client */;
/*!50503 SET character_set_client = utf8mb4 */;
CREATE TABLE `media` (
  `id` bigint unsigned NOT NULL AUTO_INCREMENT,
  `name` varchar(255) COLLATE utf8mb4_unicode_ci NOT NULL,
  `file_name` varchar(255) COLLATE utf8mb4_unicode_ci NOT NULL,
  `mime_type` varchar(255) COLLATE utf8mb4_unicode_ci NOT NULL,
  `disk` varchar(255) COLLATE utf8mb4_unicode_ci NOT NULL DEFAULT 'public',
  `path` varchar(255) COLLATE utf8mb4_unicode_ci NOT NULL,
  `size` bigint unsigned NOT NULL,
  `type` varchar(255) COLLATE utf8mb4_unicode_ci NOT NULL DEFAULT 'image',
  `category` varchar(255) COLLATE utf8mb4_unicode_ci DEFAULT NULL,
  `description` text COLLATE utf8mb4_unicode_ci,
  `metadata` json DEFAULT NULL,
  `uploaded_by` bigint unsigned DEFAULT NULL,
  `created_at` timestamp NULL DEFAULT NULL,
  `updated_at` timestamp NULL DEFAULT NULL,
  PRIMARY KEY (`id`),
  KEY `media_uploaded_by_foreign` (`uploaded_by`),
  CONSTRAINT `media_uploaded_by_foreign` FOREIGN KEY (`uploaded_by`) REFERENCES `users` (`id`) ON DELETE SET NULL
) ENGINE=InnoDB DEFAULT CHARSET=utf8mb4 COLLATE=utf8mb4_unicode_ci;
/*!40101 SET character_set_client = @saved_cs_client */;

--
-- Dumping data for table `media`
--

LOCK TABLES `media` WRITE;
/*!40000 ALTER TABLE `media` DISABLE KEYS */;
/*!40000 ALTER TABLE `media` ENABLE KEYS */;
UNLOCK TABLES;

--
-- Table structure for table `menus`
--

DROP TABLE IF EXISTS `menus`;
/*!40101 SET @saved_cs_client     = @@character_set_client */;
/*!50503 SET character_set_client = utf8mb4 */;
CREATE TABLE `menus` (
  `id` bigint unsigned NOT NULL AUTO_INCREMENT,
  `name` varchar(255) COLLATE utf8mb4_unicode_ci NOT NULL,
  `label` varchar(255) COLLATE utf8mb4_unicode_ci NOT NULL,
  `url` varchar(255) COLLATE utf8mb4_unicode_ci DEFAULT NULL,
  `page_id` bigint unsigned DEFAULT NULL,
  `parent_id` bigint unsigned DEFAULT NULL,
  `target` varchar(255) COLLATE utf8mb4_unicode_ci NOT NULL DEFAULT '_self',
  `icon` varchar(255) COLLATE utf8mb4_unicode_ci DEFAULT NULL,
  `order` int NOT NULL DEFAULT '0',
  `active` tinyint(1) NOT NULL DEFAULT '1',
  `created_at` timestamp NULL DEFAULT NULL,
  `updated_at` timestamp NULL DEFAULT NULL,
  PRIMARY KEY (`id`),
  KEY `menus_page_id_foreign` (`page_id`),
  KEY `menus_parent_id_foreign` (`parent_id`),
  CONSTRAINT `menus_page_id_foreign` FOREIGN KEY (`page_id`) REFERENCES `pages` (`id`) ON DELETE SET NULL,
  CONSTRAINT `menus_parent_id_foreign` FOREIGN KEY (`parent_id`) REFERENCES `menus` (`id`) ON DELETE CASCADE
) ENGINE=InnoDB AUTO_INCREMENT=9 DEFAULT CHARSET=utf8mb4 COLLATE=utf8mb4_unicode_ci;
/*!40101 SET character_set_client = @saved_cs_client */;

--
-- Dumping data for table `menus`
--

LOCK TABLES `menus` WRITE;
/*!40000 ALTER TABLE `menus` DISABLE KEYS */;
INSERT INTO `menus` VALUES (1,'header','Home',NULL,1,NULL,'_self',NULL,1,1,'2025-11-28 15:05:14','2025-11-28 15:05:14'),(2,'header','About',NULL,2,NULL,'_self',NULL,2,1,'2025-11-28 15:05:14','2025-11-28 15:05:14'),(3,'header','Services','/services',NULL,NULL,'_self',NULL,3,1,'2025-11-28 15:05:14','2025-11-28 15:05:14'),(4,'header','Products','/products',NULL,NULL,'_self',NULL,4,1,'2025-11-28 15:05:14','2025-11-28 15:05:14'),(5,'header','Blog','/blog',NULL,NULL,'_self',NULL,5,1,'2025-11-28 15:05:14','2025-11-28 15:05:14'),(6,'header','Contact',NULL,3,NULL,'_self',NULL,6,1,'2025-11-28 15:05:14','2025-11-28 15:05:14'),(7,'footer','Privacy Policy',NULL,4,NULL,'_self',NULL,1,1,'2025-11-28 15:05:14','2025-11-28 15:05:14'),(8,'footer','Terms & Conditions',NULL,5,NULL,'_self',NULL,2,1,'2025-11-28 15:05:14','2025-11-28 15:05:14');
/*!40000 ALTER TABLE `menus` ENABLE KEYS */;
UNLOCK TABLES;

--
-- Table structure for table `migrations`
--

DROP TABLE IF EXISTS `migrations`;
/*!40101 SET @saved_cs_client     = @@character_set_client */;
/*!50503 SET character_set_client = utf8mb4 */;
CREATE TABLE `migrations` (
  `id` int unsigned NOT NULL AUTO_INCREMENT,
  `migration` varchar(255) COLLATE utf8mb4_unicode_ci NOT NULL,
  `batch` int NOT NULL,
  PRIMARY KEY (`id`)
) ENGINE=InnoDB AUTO_INCREMENT=46 DEFAULT CHARSET=utf8mb4 COLLATE=utf8mb4_unicode_ci;
/*!40101 SET character_set_client = @saved_cs_client */;

--
-- Dumping data for table `migrations`
--

LOCK TABLES `migrations` WRITE;
/*!40000 ALTER TABLE `migrations` DISABLE KEYS */;
INSERT INTO `migrations` VALUES (1,'0001_01_01_000000_create_users_table',1),(2,'0001_01_01_000001_create_cache_table',1),(3,'0001_01_01_000002_create_jobs_table',1),(4,'2025_11_22_200551_create_modules_table',1),(5,'2025_11_22_200552_create_pages_table',1),(6,'2025_11_22_200554_create_menus_table',1),(7,'2025_11_22_200555_create_settings_table',1),(8,'2025_11_22_200557_create_leads_table',1),(9,'2025_11_22_200600_create_services_table',1),(10,'2025_11_22_200601_create_products_table',1),(11,'2025_11_22_200603_create_portfolio_table',1),(12,'2025_11_22_200604_create_blog_posts_table',1),(13,'2025_11_22_200605_create_faqs_table',1),(14,'2025_11_22_200607_create_careers_table',1),(15,'2025_11_22_200607_create_job_applications_table',1),(16,'2025_11_22_200609_create_bookings_table',1),(17,'2025_11_22_200610_create_events_table',1),(18,'2025_11_22_200611_create_event_registrations_table',1),(19,'2025_11_22_200612_create_branches_table',1),(20,'2025_11_22_200614_create_categories_table',1),(21,'2025_11_22_200615_create_media_table',1),(22,'2025_11_22_200615_create_tags_table',1),(23,'2025_11_22_200626_add_role_to_users_table',1),(24,'2025_11_22_200627_create_category_service_table',1),(25,'2025_11_22_200628_create_category_product_table',1),(26,'2025_11_22_200628_create_tag_service_table',1),(27,'2025_11_22_200629_create_tag_post_table',1),(28,'2025_11_22_200629_create_tag_product_table',1),(29,'2025_11_22_200630_create_category_post_table',1),(30,'2025_11_22_201228_create_personal_access_tokens_table',1),(31,'2025_11_22_210651_create_permissions_table',1),(32,'2025_11_22_210651_create_roles_table',1),(33,'2025_11_22_210652_create_role_permission_table',1),(34,'2025_11_22_210652_create_user_role_table',1),(35,'2025_11_23_170700_create_sessions_table_if_not_exists',1),(36,'2025_11_23_180622_create_login_logs_table',1),(37,'2025_11_23_190933_create_visitor_logs_table',1),(38,'2025_11_24_221902_add_read_status_to_leads_table',1),(39,'2025_11_24_224722_make_email_nullable_in_leads_table',1),(40,'2025_11_25_135753_create_newsletter_subscriptions_table',1),(41,'2025_11_25_214611_create_about_table',1),(42,'2025_11_26_115045_add_seo_fields_to_about_table',1),(43,'2025_11_27_115627_sync_user_role_fields',1),(44,'2025_11_27_120003_remove_role_add_profile_fields_to_users_table',1),(45,'2025_11_28_105949_add_is_active_to_users_table',1);
/*!40000 ALTER TABLE `migrations` ENABLE KEYS */;
UNLOCK TABLES;

--
-- Table structure for table `modules`
--

DROP TABLE IF EXISTS `modules`;
/*!40101 SET @saved_cs_client     = @@character_set_client */;
/*!50503 SET character_set_client = utf8mb4 */;
CREATE TABLE `modules` (
  `id` bigint unsigned NOT NULL AUTO_INCREMENT,
  `name` varchar(255) COLLATE utf8mb4_unicode_ci NOT NULL,
  `label` varchar(255) COLLATE utf8mb4_unicode_ci NOT NULL,
  `description` text COLLATE utf8mb4_unicode_ci,
  `enabled` tinyint(1) NOT NULL DEFAULT '0',
  `order` int NOT NULL DEFAULT '0',
  `config` json DEFAULT NULL,
  `created_at` timestamp NULL DEFAULT NULL,
  `updated_at` timestamp NULL DEFAULT NULL,
  PRIMARY KEY (`id`),
  UNIQUE KEY `modules_name_unique` (`name`)
) ENGINE=InnoDB AUTO_INCREMENT=12 DEFAULT CHARSET=utf8mb4 COLLATE=utf8mb4_unicode_ci;
/*!40101 SET character_set_client = @saved_cs_client */;

--
-- Dumping data for table `modules`
--

LOCK TABLES `modules` WRITE;
/*!40000 ALTER TABLE `modules` DISABLE KEYS */;
INSERT INTO `modules` VALUES (1,'services','Services','Service catalog module',1,1,NULL,'2025-11-28 15:05:13','2025-11-28 15:05:14'),(2,'products','Products','Product catalog module',1,2,NULL,'2025-11-28 15:05:13','2025-11-28 15:05:14'),(3,'portfolio','Portfolio','Portfolio/Projects module',1,3,NULL,'2025-11-28 15:05:13','2025-11-28 15:05:14'),(4,'blog','Blog','Blog/News module',1,4,NULL,'2025-11-28 15:05:13','2025-11-28 15:05:14'),(5,'faq','FAQ','FAQ module',1,5,NULL,'2025-11-28 15:05:13','2025-11-28 15:05:14'),(6,'careers','Careers','Careers/Recruitment module',1,6,NULL,'2025-11-28 15:05:13','2025-11-28 15:05:14'),(7,'booking','Booking','Appointment booking module',0,7,NULL,'2025-11-28 15:05:13','2025-11-28 15:05:13'),(8,'events','Events','Events & Registration module',1,8,NULL,'2025-11-28 15:05:13','2025-11-28 15:05:14'),(9,'branches','Branches','Multi-location/Branches module',1,9,NULL,'2025-11-28 15:05:13','2025-11-28 15:05:14'),(10,'ecommerce','E-commerce','E-commerce module',0,10,NULL,'2025-11-28 15:05:13','2025-11-28 15:05:13'),(11,'multilanguage','Multi-language','Multi-language support module',0,11,NULL,'2025-11-28 15:05:13','2025-11-28 15:05:13');
/*!40000 ALTER TABLE `modules` ENABLE KEYS */;
UNLOCK TABLES;

--
-- Table structure for table `newsletter_subscriptions`
--

DROP TABLE IF EXISTS `newsletter_subscriptions`;
/*!40101 SET @saved_cs_client     = @@character_set_client */;
/*!50503 SET character_set_client = utf8mb4 */;
CREATE TABLE `newsletter_subscriptions` (
  `id` bigint unsigned NOT NULL AUTO_INCREMENT,
  `email` varchar(255) COLLATE utf8mb4_unicode_ci NOT NULL,
  `status` varchar(255) COLLATE utf8mb4_unicode_ci NOT NULL DEFAULT 'active',
  `subscribed_at` timestamp NOT NULL DEFAULT CURRENT_TIMESTAMP,
  `unsubscribed_at` timestamp NULL DEFAULT NULL,
  `created_at` timestamp NULL DEFAULT NULL,
  `updated_at` timestamp NULL DEFAULT NULL,
  PRIMARY KEY (`id`),
  UNIQUE KEY `newsletter_subscriptions_email_unique` (`email`)
) ENGINE=InnoDB DEFAULT CHARSET=utf8mb4 COLLATE=utf8mb4_unicode_ci;
/*!40101 SET character_set_client = @saved_cs_client */;

--
-- Dumping data for table `newsletter_subscriptions`
--

LOCK TABLES `newsletter_subscriptions` WRITE;
/*!40000 ALTER TABLE `newsletter_subscriptions` DISABLE KEYS */;
/*!40000 ALTER TABLE `newsletter_subscriptions` ENABLE KEYS */;
UNLOCK TABLES;

--
-- Table structure for table `pages`
--

DROP TABLE IF EXISTS `pages`;
/*!40101 SET @saved_cs_client     = @@character_set_client */;
/*!50503 SET character_set_client = utf8mb4 */;
CREATE TABLE `pages` (
  `id` bigint unsigned NOT NULL AUTO_INCREMENT,
  `title` varchar(255) COLLATE utf8mb4_unicode_ci NOT NULL,
  `slug` varchar(255) COLLATE utf8mb4_unicode_ci NOT NULL,
  `content` text COLLATE utf8mb4_unicode_ci,
  `page_type` varchar(255) COLLATE utf8mb4_unicode_ci NOT NULL DEFAULT 'page',
  `featured_image` varchar(255) COLLATE utf8mb4_unicode_ci DEFAULT NULL,
  `meta_title` varchar(255) COLLATE utf8mb4_unicode_ci DEFAULT NULL,
  `meta_description` text COLLATE utf8mb4_unicode_ci,
  `meta_keywords` varchar(255) COLLATE utf8mb4_unicode_ci DEFAULT NULL,
  `og_image` varchar(255) COLLATE utf8mb4_unicode_ci DEFAULT NULL,
  `published` tinyint(1) NOT NULL DEFAULT '0',
  `order` int NOT NULL DEFAULT '0',
  `created_at` timestamp NULL DEFAULT NULL,
  `updated_at` timestamp NULL DEFAULT NULL,
  `deleted_at` timestamp NULL DEFAULT NULL,
  PRIMARY KEY (`id`),
  UNIQUE KEY `pages_slug_unique` (`slug`)
) ENGINE=InnoDB AUTO_INCREMENT=6 DEFAULT CHARSET=utf8mb4 COLLATE=utf8mb4_unicode_ci;
/*!40101 SET character_set_client = @saved_cs_client */;

--
-- Dumping data for table `pages`
--

LOCK TABLES `pages` WRITE;
/*!40000 ALTER TABLE `pages` DISABLE KEYS */;
INSERT INTO `pages` VALUES (1,'Uninterrupted Power for Your Business & Home','home','<h1>Welcome to MICRO CONTROL TECHNOLOGY</h1><p>We are a leading provider of technical power support solutions in Mirpur, Dhaka. With over 15 years of experience, we ensure your business stays powered with reliable UPS systems, backup generators, and professional maintenance services.</p><h2>Why Choose Us?</h2><p>Our commitment to excellence, quality products, and customer satisfaction sets us apart. We specialize in Offline and Online UPS systems, batteries, UPS motherboards, and comprehensive power solutions for homes and businesses.</p><h2>Our Expertise</h2><ul><li>500+ Systems Installed</li><li>99.9% Power Uptime</li><li>24/7 Support</li><li>15+ Years Experience</li></ul>','home',NULL,'MICRO CONTROL TECHNOLOGY - UPS & Power Solutions in Dhaka','Leading provider of UPS systems, batteries, and power solutions in Mirpur, Dhaka. 15+ years experience with 500+ systems installed.',NULL,NULL,1,0,'2025-11-28 15:05:14','2025-11-28 15:05:14',NULL),(2,'About MICRO CONTROL TECHNOLOGY','about','<h1>About MICRO CONTROL TECHNOLOGY</h1><p>MICRO CONTROL TECHNOLOGY, owned by Md. Maniruzzaman, has been serving the power solutions market in Dhaka for over 15 years. Located in Mirpur, we specialize in providing reliable UPS systems, batteries, and power management solutions.</p><h2>Our Mission</h2><p>To provide reliable, high-quality power solutions that keep your business and home running smoothly, even during power outages.</p><h2>Our Vision</h2><p>To be the most trusted provider of UPS systems and power solutions in Dhaka, known for quality, reliability, and excellent customer service.</p><h2>Our Values</h2><ul><li>Quality Products</li><li>Reliable Service</li><li>Customer Satisfaction</li><li>Professional Excellence</li></ul><h2>Our Location</h2><p>House 15, Road 13, Block D, Section 06, Mirpur, Dhaka.</p><p><strong>Contact:</strong> +8801712258689</p>','about',NULL,'About Us - MICRO CONTROL TECHNOLOGY','Learn about MICRO CONTROL TECHNOLOGY, your trusted partner for UPS systems and power solutions in Mirpur, Dhaka.',NULL,NULL,1,1,'2025-11-28 15:05:14','2025-11-28 15:05:14',NULL),(3,'Contact Us','contact','<h1>Get in Touch</h1><p>We\'d love to hear from you. Send us a message and we\'ll respond as soon as possible.</p><p><strong>Owner:</strong> Md. Maniruzzaman<br><strong>Phone:</strong> +8801712258689<br><strong>WhatsApp:</strong> +8801712258689<br><strong>Address:</strong> House 15, Road 13, Block D, Section 06, Mirpur, Dhaka.</p>','page',NULL,NULL,NULL,NULL,NULL,1,2,'2025-11-28 15:05:14','2025-11-28 15:05:14',NULL),(4,'Privacy Policy','privacy-policy','<h1>Privacy Policy</h1><p>Last updated: November 28, 2025</p><p>At MICRO CONTROL TECHNOLOGY, we take your privacy seriously. This policy describes how we collect, use, and protect your personal information.</p><h2>Information We Collect</h2><p>We collect information that you provide directly to us, including name, email address, phone number, and other contact details.</p><h2>How We Use Your Information</h2><p>We use your information to provide services, respond to inquiries, and improve our offerings.</p>','page',NULL,NULL,NULL,NULL,NULL,1,10,'2025-11-28 15:05:14','2025-11-28 15:05:14',NULL),(5,'Terms & Conditions','terms-conditions','<h1>Terms & Conditions</h1><p>Last updated: November 28, 2025</p><p>By using our website and services, you agree to these terms and conditions.</p><h2>Use of Services</h2><p>Our services are provided for business purposes. You agree to use them in accordance with applicable laws and regulations.</p><h2>Limitation of Liability</h2><p>We strive to provide accurate information, but we are not liable for any errors or omissions.</p>','page',NULL,NULL,NULL,NULL,NULL,1,11,'2025-11-28 15:05:14','2025-11-28 15:05:14',NULL);
/*!40000 ALTER TABLE `pages` ENABLE KEYS */;
UNLOCK TABLES;

--
-- Table structure for table `password_reset_tokens`
--

DROP TABLE IF EXISTS `password_reset_tokens`;
/*!40101 SET @saved_cs_client     = @@character_set_client */;
/*!50503 SET character_set_client = utf8mb4 */;
CREATE TABLE `password_reset_tokens` (
  `email` varchar(255) COLLATE utf8mb4_unicode_ci NOT NULL,
  `token` varchar(255) COLLATE utf8mb4_unicode_ci NOT NULL,
  `created_at` timestamp NULL DEFAULT NULL,
  PRIMARY KEY (`email`)
) ENGINE=InnoDB DEFAULT CHARSET=utf8mb4 COLLATE=utf8mb4_unicode_ci;
/*!40101 SET character_set_client = @saved_cs_client */;

--
-- Dumping data for table `password_reset_tokens`
--

LOCK TABLES `password_reset_tokens` WRITE;
/*!40000 ALTER TABLE `password_reset_tokens` DISABLE KEYS */;
/*!40000 ALTER TABLE `password_reset_tokens` ENABLE KEYS */;
UNLOCK TABLES;

--
-- Table structure for table `permissions`
--

DROP TABLE IF EXISTS `permissions`;
/*!40101 SET @saved_cs_client     = @@character_set_client */;
/*!50503 SET character_set_client = utf8mb4 */;
CREATE TABLE `permissions` (
  `id` bigint unsigned NOT NULL AUTO_INCREMENT,
  `name` varchar(255) COLLATE utf8mb4_unicode_ci NOT NULL,
  `slug` varchar(255) COLLATE utf8mb4_unicode_ci NOT NULL,
  `group` varchar(255) COLLATE utf8mb4_unicode_ci NOT NULL DEFAULT 'general',
  `description` text COLLATE utf8mb4_unicode_ci,
  `created_at` timestamp NULL DEFAULT NULL,
  `updated_at` timestamp NULL DEFAULT NULL,
  PRIMARY KEY (`id`),
  UNIQUE KEY `permissions_slug_unique` (`slug`)
) ENGINE=InnoDB AUTO_INCREMENT=18 DEFAULT CHARSET=utf8mb4 COLLATE=utf8mb4_unicode_ci;
/*!40101 SET character_set_client = @saved_cs_client */;

--
-- Dumping data for table `permissions`
--

LOCK TABLES `permissions` WRITE;
/*!40000 ALTER TABLE `permissions` DISABLE KEYS */;
INSERT INTO `permissions` VALUES (1,'Access Dashboard','access-dashboard','general','Access to admin dashboard','2025-11-28 15:05:13','2025-11-28 15:05:13'),(2,'Manage About Page','manage-about','content','Create, edit, delete the About page','2025-11-28 15:05:13','2025-11-28 15:05:13'),(3,'Manage Services','manage-services','content','Create, edit, delete services','2025-11-28 15:05:13','2025-11-28 15:05:13'),(4,'Manage Products','manage-products','content','Create, edit, delete products, categories, and tags','2025-11-28 15:05:13','2025-11-28 15:05:13'),(5,'Manage Blog Posts','manage-blog','content','Create, edit, delete blog posts and blog categories','2025-11-28 15:05:13','2025-11-28 15:05:13'),(6,'Manage Media','manage-media','content','Upload and manage media files','2025-11-28 15:05:13','2025-11-28 15:05:13'),(7,'Manage Users','manage-users','users','Create, edit, delete users','2025-11-28 15:05:13','2025-11-28 15:05:13'),(8,'Manage Roles','manage-roles','users','Create, edit, delete roles and permissions','2025-11-28 15:05:13','2025-11-28 15:05:13'),(9,'View Leads','view-leads','leads','View all leads','2025-11-28 15:05:13','2025-11-28 15:05:13'),(10,'Manage Leads','manage-leads','leads','Update and delete leads','2025-11-28 15:05:13','2025-11-28 15:05:13'),(11,'Export Leads','export-leads','leads','Export leads to CSV','2025-11-28 15:05:13','2025-11-28 15:05:13'),(12,'Manage Newsletters','manage-newsletters','newsletters','View, manage, and export newsletter subscriptions','2025-11-28 15:05:13','2025-11-28 15:05:13'),(13,'Manage Careers','manage-careers','careers','Manage job postings','2025-11-28 15:05:13','2025-11-28 15:05:13'),(14,'Manage Applications','manage-applications','careers','View and manage job applications','2025-11-28 15:05:13','2025-11-28 15:05:13'),(15,'Manage Settings','manage-settings','settings','Manage site settings','2025-11-28 15:05:13','2025-11-28 15:05:13'),(16,'View Login Logs','view-login-logs','system','View and manage login logs','2025-11-28 15:05:13','2025-11-28 15:05:13'),(17,'View Visitor Logs','view-visitor-logs','system','View and manage visitor logs','2025-11-28 15:05:13','2025-11-28 15:05:13');
/*!40000 ALTER TABLE `permissions` ENABLE KEYS */;
UNLOCK TABLES;

--
-- Table structure for table `personal_access_tokens`
--

DROP TABLE IF EXISTS `personal_access_tokens`;
/*!40101 SET @saved_cs_client     = @@character_set_client */;
/*!50503 SET character_set_client = utf8mb4 */;
CREATE TABLE `personal_access_tokens` (
  `id` bigint unsigned NOT NULL AUTO_INCREMENT,
  `tokenable_type` varchar(255) COLLATE utf8mb4_unicode_ci NOT NULL,
  `tokenable_id` bigint unsigned NOT NULL,
  `name` text COLLATE utf8mb4_unicode_ci NOT NULL,
  `token` varchar(64) COLLATE utf8mb4_unicode_ci NOT NULL,
  `abilities` text COLLATE utf8mb4_unicode_ci,
  `last_used_at` timestamp NULL DEFAULT NULL,
  `expires_at` timestamp NULL DEFAULT NULL,
  `created_at` timestamp NULL DEFAULT NULL,
  `updated_at` timestamp NULL DEFAULT NULL,
  PRIMARY KEY (`id`),
  UNIQUE KEY `personal_access_tokens_token_unique` (`token`),
  KEY `personal_access_tokens_tokenable_type_tokenable_id_index` (`tokenable_type`,`tokenable_id`),
  KEY `personal_access_tokens_expires_at_index` (`expires_at`)
) ENGINE=InnoDB AUTO_INCREMENT=2 DEFAULT CHARSET=utf8mb4 COLLATE=utf8mb4_unicode_ci;
/*!40101 SET character_set_client = @saved_cs_client */;

--
-- Dumping data for table `personal_access_tokens`
--

LOCK TABLES `personal_access_tokens` WRITE;
/*!40000 ALTER TABLE `personal_access_tokens` DISABLE KEYS */;
INSERT INTO `personal_access_tokens` VALUES (1,'App\\Models\\User',1,'admin-token','2a871c956012fcc8b58b1f5fc64cc62842a5fb3452954ad50ab56d3a535c5a86','[\"*\"]','2025-11-28 15:06:24',NULL,'2025-11-28 15:05:22','2025-11-28 15:06:24');
/*!40000 ALTER TABLE `personal_access_tokens` ENABLE KEYS */;
UNLOCK TABLES;

--
-- Table structure for table `portfolio`
--

DROP TABLE IF EXISTS `portfolio`;
/*!40101 SET @saved_cs_client     = @@character_set_client */;
/*!50503 SET character_set_client = utf8mb4 */;
CREATE TABLE `portfolio` (
  `id` bigint unsigned NOT NULL AUTO_INCREMENT,
  `title` varchar(255) COLLATE utf8mb4_unicode_ci NOT NULL,
  `slug` varchar(255) COLLATE utf8mb4_unicode_ci NOT NULL,
  `description` text COLLATE utf8mb4_unicode_ci,
  `client_name` varchar(255) COLLATE utf8mb4_unicode_ci DEFAULT NULL,
  `industry` varchar(255) COLLATE utf8mb4_unicode_ci DEFAULT NULL,
  `project_date` date DEFAULT NULL,
  `challenge` text COLLATE utf8mb4_unicode_ci,
  `solution` text COLLATE utf8mb4_unicode_ci,
  `results` text COLLATE utf8mb4_unicode_ci,
  `featured_image` varchar(255) COLLATE utf8mb4_unicode_ci DEFAULT NULL,
  `images` json DEFAULT NULL,
  `videos` json DEFAULT NULL,
  `meta_title` varchar(255) COLLATE utf8mb4_unicode_ci DEFAULT NULL,
  `meta_description` text COLLATE utf8mb4_unicode_ci,
  `meta_keywords` varchar(255) COLLATE utf8mb4_unicode_ci DEFAULT NULL,
  `og_image` varchar(255) COLLATE utf8mb4_unicode_ci DEFAULT NULL,
  `published` tinyint(1) NOT NULL DEFAULT '0',
  `featured` tinyint(1) NOT NULL DEFAULT '0',
  `order` int NOT NULL DEFAULT '0',
  `created_at` timestamp NULL DEFAULT NULL,
  `updated_at` timestamp NULL DEFAULT NULL,
  `deleted_at` timestamp NULL DEFAULT NULL,
  PRIMARY KEY (`id`),
  UNIQUE KEY `portfolio_slug_unique` (`slug`)
) ENGINE=InnoDB AUTO_INCREMENT=4 DEFAULT CHARSET=utf8mb4 COLLATE=utf8mb4_unicode_ci;
/*!40101 SET character_set_client = @saved_cs_client */;

--
-- Dumping data for table `portfolio`
--

LOCK TABLES `portfolio` WRITE;
/*!40000 ALTER TABLE `portfolio` DISABLE KEYS */;
INSERT INTO `portfolio` VALUES (1,'E-Commerce Platform Redesign','ecommerce-platform-redesign','<p>Complete redesign and development of a modern e-commerce platform resulting in 300% increase in sales.</p>','Retail Solutions Inc.','E-Commerce','2025-05-28','Outdated platform with poor user experience and low conversion rates.','Modern responsive design, improved checkout process, and mobile optimization.','300% increase in sales, 50% reduction in bounce rate, improved customer satisfaction.',NULL,NULL,NULL,NULL,NULL,NULL,NULL,1,1,1,'2025-11-28 15:05:14','2025-11-28 15:05:14',NULL),(2,'Digital Transformation for Manufacturing','digital-transformation-manufacturing','<p>Comprehensive digital transformation project that improved efficiency by 40%.</p>','Manufacturing Corp','Manufacturing','2025-07-28','Manual processes causing delays and errors in production.','Implemented automated systems, IoT integration, and real-time monitoring.','40% efficiency improvement, 30% cost reduction, enhanced quality control.',NULL,NULL,NULL,NULL,NULL,NULL,NULL,1,1,2,'2025-11-28 15:05:14','2025-11-28 15:05:14',NULL),(3,'Cloud Migration Project','cloud-migration-project','<p>Successful migration of enterprise infrastructure to cloud, reducing costs by 35%.</p>','Tech Enterprises','Technology','2025-03-28','High infrastructure costs and limited scalability.','Migrated to cloud infrastructure with automated scaling and backup solutions.','35% cost reduction, improved scalability, 99.9% uptime.',NULL,NULL,NULL,NULL,NULL,NULL,NULL,1,0,3,'2025-11-28 15:05:14','2025-11-28 15:05:14',NULL);
/*!40000 ALTER TABLE `portfolio` ENABLE KEYS */;
UNLOCK TABLES;

--
-- Table structure for table `products`
--

DROP TABLE IF EXISTS `products`;
/*!40101 SET @saved_cs_client     = @@character_set_client */;
/*!50503 SET character_set_client = utf8mb4 */;
CREATE TABLE `products` (
  `id` bigint unsigned NOT NULL AUTO_INCREMENT,
  `title` varchar(255) COLLATE utf8mb4_unicode_ci NOT NULL,
  `slug` varchar(255) COLLATE utf8mb4_unicode_ci NOT NULL,
  `sku` varchar(255) COLLATE utf8mb4_unicode_ci DEFAULT NULL,
  `short_description` text COLLATE utf8mb4_unicode_ci,
  `description` text COLLATE utf8mb4_unicode_ci,
  `thumbnail` varchar(255) COLLATE utf8mb4_unicode_ci DEFAULT NULL,
  `images` json DEFAULT NULL,
  `price` decimal(10,2) DEFAULT NULL,
  `price_range` varchar(255) COLLATE utf8mb4_unicode_ci DEFAULT NULL,
  `show_price` tinyint(1) NOT NULL DEFAULT '1',
  `specifications` json DEFAULT NULL,
  `downloads` json DEFAULT NULL,
  `meta_title` varchar(255) COLLATE utf8mb4_unicode_ci DEFAULT NULL,
  `meta_description` text COLLATE utf8mb4_unicode_ci,
  `meta_keywords` varchar(255) COLLATE utf8mb4_unicode_ci DEFAULT NULL,
  `og_image` varchar(255) COLLATE utf8mb4_unicode_ci DEFAULT NULL,
  `published` tinyint(1) NOT NULL DEFAULT '0',
  `featured` tinyint(1) NOT NULL DEFAULT '0',
  `stock` int DEFAULT NULL,
  `order` int NOT NULL DEFAULT '0',
  `created_at` timestamp NULL DEFAULT NULL,
  `updated_at` timestamp NULL DEFAULT NULL,
  `deleted_at` timestamp NULL DEFAULT NULL,
  PRIMARY KEY (`id`),
  UNIQUE KEY `products_slug_unique` (`slug`)
) ENGINE=InnoDB AUTO_INCREMENT=48 DEFAULT CHARSET=utf8mb4 COLLATE=utf8mb4_unicode_ci;
/*!40101 SET character_set_client = @saved_cs_client */;

--
-- Dumping data for table `products`
--

LOCK TABLES `products` WRITE;
/*!40000 ALTER TABLE `products` DISABLE KEYS */;
INSERT INTO `products` VALUES (1,'Off-Line UPS OLF-500 (500VA)','olf-500-offline-ups','OLF-500','Reliable Off-Line UPS system with 500VA capacity. Features fast transfer time, surge protection, and battery backup for home and office applications.','<h2>Off-Line UPS OLF-500 - 500VA</h2>\r\n        <p>Reliable Off-Line UPS system designed for home and office applications, providing essential power protection and battery backup during power outages.</p>\r\n        \r\n        <h3>Key Features:</h3>\r\n        <ul>\r\n            <li><strong>Technology:</strong> Off-Line UPS technology</li>\r\n            <li><strong>Fast Transfer Time:</strong> <10 ms</li>\r\n            <li><strong>Surge Protection:</strong> Surge protection, Overload protection, Short circuit protection, Battery low protection</li>\r\n            <li><strong>Wave Form:</strong> Modified sine wave / Pure sine wave</li>\r\n            <li><strong>High Efficiency:</strong> >80%</li>\r\n            <li><strong>LED Indicators:</strong> Line input (green), Battery mode (yellow), Fault (red)</li>\r\n        </ul>\r\n\r\n        <h3>Applications:</h3>\r\n        <ul>\r\n            <li>Home computers and workstations</li>\r\n            <li>Small office equipment</li>\r\n            <li>Network devices</li>\r\n            <li>Security systems</li>\r\n            <li>Gaming consoles</li>\r\n        </ul>\r\n\r\n        <h3>Technical Specifications:</h3>\r\n        <ul>\r\n            <li><strong>AC Input:</strong> 220V AC 20%, 50/60 Hz 3 Hz</li>\r\n            <li><strong>AC Output:</strong> 220V AC (5% adjustable), 50/60 Hz</li>\r\n            <li><strong>Battery:</strong> Sealed lead acid battery, Maintenance free</li>\r\n            <li><strong>Charging Time:</strong> About 8-10 hours after fully discharged</li>\r\n            <li><strong>Operating Environment:</strong> 0C - 40C, 20% - 90% (Non condensing)</li>\r\n            <li><strong>Noise Level:</strong> <45 dBA at 1m distance</li>\r\n        </ul>\r\n\r\n        <p><strong>Note:</strong> Actual specifications may vary. For detailed information and custom configurations, please contact Micro Control Technology.</p>',NULL,NULL,NULL,'Contact for pricing',0,'{\"Model\": \"OLF-500\", \"Alarms\": {\"Battery Discharge\": \"Audible alarm when battery is low\"}, \"Battery\": {\"Type\": \"Sealed lead acid battery, Maintenance free\", \"Charging Time\": \"About 8-10 hours after fully discharged\"}, \"AC Input\": {\"Voltage\": \"220V AC 20%\", \"Frequency\": \"50/60 Hz 3 Hz\"}, \"Capacity\": \"500VA\", \"AC Output\": {\"Voltage\": \"220V AC (5% adjustable)\", \"Frequency\": \"50/60 Hz\"}, \"Wave Form\": \"Modified sine wave / Pure sine wave\", \"Efficiency\": \">80%\", \"Indicators\": \"Line input (green), Battery mode (yellow), Fault (red)\", \"Protection\": \"Surge protection, Overload protection, Short circuit protection, Battery low protection\", \"Technology\": \"Off-Line UPS technology\", \"Noise Level\": \"<45 dBA at 1m distance\", \"Back-up Time\": \"Varies based on load and battery capacity\", \"Transfer Time\": \"<10 ms\", \"Operating Environment\": {\"Humidity\": \"20% - 90% (Non condensing)\", \"Temperature\": \"0C - 40C\"}}','[{\"url\": \"/Product Report/UPS Off Line.pdf\", \"name\": \"UPS Off Line Catalog\", \"type\": \"pdf\"}]','Off-Line UPS OLF-500 (500VA) - Micro Control Technology','Reliable Off-Line UPS system OLF-500 with 500VA capacity. Fast transfer time, surge protection, battery backup. Ideal for home and office use.','offline ups, OLF-500, 500VA, ups system, battery backup, surge protection, Micro Control Technology',NULL,1,1,NULL,1,'2025-11-28 15:05:14','2025-11-28 15:05:14',NULL),(2,'Off-Line UPS OLF-600 (600VA)','olf-600-offline-ups','OLF-600','Reliable Off-Line UPS system with 600VA capacity. Features fast transfer time, surge protection, and battery backup for home and office applications.','<h2>Off-Line UPS OLF-600 - 600VA</h2>\r\n        <p>Reliable Off-Line UPS system designed for home and office applications, providing essential power protection and battery backup during power outages.</p>\r\n        \r\n        <h3>Key Features:</h3>\r\n        <ul>\r\n            <li><strong>Technology:</strong> Off-Line UPS technology</li>\r\n            <li><strong>Fast Transfer Time:</strong> <10 ms</li>\r\n            <li><strong>Surge Protection:</strong> Surge protection, Overload protection, Short circuit protection, Battery low protection</li>\r\n            <li><strong>Wave Form:</strong> Modified sine wave / Pure sine wave</li>\r\n            <li><strong>High Efficiency:</strong> >80%</li>\r\n            <li><strong>LED Indicators:</strong> Line input (green), Battery mode (yellow), Fault (red)</li>\r\n        </ul>\r\n\r\n        <h3>Applications:</h3>\r\n        <ul>\r\n            <li>Home computers and workstations</li>\r\n            <li>Small office equipment</li>\r\n            <li>Network devices</li>\r\n            <li>Security systems</li>\r\n            <li>Gaming consoles</li>\r\n        </ul>\r\n\r\n        <h3>Technical Specifications:</h3>\r\n        <ul>\r\n            <li><strong>AC Input:</strong> 220V AC 20%, 50/60 Hz 3 Hz</li>\r\n            <li><strong>AC Output:</strong> 220V AC (5% adjustable), 50/60 Hz</li>\r\n            <li><strong>Battery:</strong> Sealed lead acid battery, Maintenance free</li>\r\n            <li><strong>Charging Time:</strong> About 8-10 hours after fully discharged</li>\r\n            <li><strong>Operating Environment:</strong> 0C - 40C, 20% - 90% (Non condensing)</li>\r\n            <li><strong>Noise Level:</strong> <45 dBA at 1m distance</li>\r\n        </ul>\r\n\r\n        <p><strong>Note:</strong> Actual specifications may vary. For detailed information and custom configurations, please contact Micro Control Technology.</p>',NULL,NULL,NULL,'Contact for pricing',0,'{\"Model\": \"OLF-600\", \"Alarms\": {\"Battery Discharge\": \"Audible alarm when battery is low\"}, \"Battery\": {\"Type\": \"Sealed lead acid battery, Maintenance free\", \"Charging Time\": \"About 8-10 hours after fully discharged\"}, \"AC Input\": {\"Voltage\": \"220V AC 20%\", \"Frequency\": \"50/60 Hz 3 Hz\"}, \"Capacity\": \"600VA\", \"AC Output\": {\"Voltage\": \"220V AC (5% adjustable)\", \"Frequency\": \"50/60 Hz\"}, \"Wave Form\": \"Modified sine wave / Pure sine wave\", \"Efficiency\": \">80%\", \"Indicators\": \"Line input (green), Battery mode (yellow), Fault (red)\", \"Protection\": \"Surge protection, Overload protection, Short circuit protection, Battery low protection\", \"Technology\": \"Off-Line UPS technology\", \"Noise Level\": \"<45 dBA at 1m distance\", \"Back-up Time\": \"Varies based on load and battery capacity\", \"Transfer Time\": \"<10 ms\", \"Operating Environment\": {\"Humidity\": \"20% - 90% (Non condensing)\", \"Temperature\": \"0C - 40C\"}}','[{\"url\": \"/Product Report/UPS Off Line.pdf\", \"name\": \"UPS Off Line Catalog\", \"type\": \"pdf\"}]','Off-Line UPS OLF-600 (600VA) - Micro Control Technology','Reliable Off-Line UPS system OLF-600 with 600VA capacity. Fast transfer time, surge protection, battery backup. Ideal for home and office use.','offline ups, OLF-600, 600VA, ups system, battery backup, surge protection, Micro Control Technology',NULL,1,1,NULL,2,'2025-11-28 15:05:14','2025-11-28 15:05:14',NULL),(3,'Off-Line UPS OLF-800 (800VA)','olf-800-offline-ups','OLF-800','Reliable Off-Line UPS system with 800VA capacity. Features fast transfer time, surge protection, and battery backup for home and office applications.','<h2>Off-Line UPS OLF-800 - 800VA</h2>\r\n        <p>Reliable Off-Line UPS system designed for home and office applications, providing essential power protection and battery backup during power outages.</p>\r\n        \r\n        <h3>Key Features:</h3>\r\n        <ul>\r\n            <li><strong>Technology:</strong> Off-Line UPS technology</li>\r\n            <li><strong>Fast Transfer Time:</strong> <10 ms</li>\r\n            <li><strong>Surge Protection:</strong> Surge protection, Overload protection, Short circuit protection, Battery low protection</li>\r\n            <li><strong>Wave Form:</strong> Modified sine wave / Pure sine wave</li>\r\n            <li><strong>High Efficiency:</strong> >80%</li>\r\n            <li><strong>LED Indicators:</strong> Line input (green), Battery mode (yellow), Fault (red)</li>\r\n        </ul>\r\n\r\n        <h3>Applications:</h3>\r\n        <ul>\r\n            <li>Home computers and workstations</li>\r\n            <li>Small office equipment</li>\r\n            <li>Network devices</li>\r\n            <li>Security systems</li>\r\n            <li>Gaming consoles</li>\r\n        </ul>\r\n\r\n        <h3>Technical Specifications:</h3>\r\n        <ul>\r\n            <li><strong>AC Input:</strong> 220V AC 20%, 50/60 Hz 3 Hz</li>\r\n            <li><strong>AC Output:</strong> 220V AC (5% adjustable), 50/60 Hz</li>\r\n            <li><strong>Battery:</strong> Sealed lead acid battery, Maintenance free</li>\r\n            <li><strong>Charging Time:</strong> About 8-10 hours after fully discharged</li>\r\n            <li><strong>Operating Environment:</strong> 0C - 40C, 20% - 90% (Non condensing)</li>\r\n            <li><strong>Noise Level:</strong> <45 dBA at 1m distance</li>\r\n        </ul>\r\n\r\n        <p><strong>Note:</strong> Actual specifications may vary. For detailed information and custom configurations, please contact Micro Control Technology.</p>',NULL,NULL,NULL,'Contact for pricing',0,'{\"Model\": \"OLF-800\", \"Alarms\": {\"Battery Discharge\": \"Audible alarm when battery is low\"}, \"Battery\": {\"Type\": \"Sealed lead acid battery, Maintenance free\", \"Charging Time\": \"About 8-10 hours after fully discharged\"}, \"AC Input\": {\"Voltage\": \"220V AC 20%\", \"Frequency\": \"50/60 Hz 3 Hz\"}, \"Capacity\": \"800VA\", \"AC Output\": {\"Voltage\": \"220V AC (5% adjustable)\", \"Frequency\": \"50/60 Hz\"}, \"Wave Form\": \"Modified sine wave / Pure sine wave\", \"Efficiency\": \">80%\", \"Indicators\": \"Line input (green), Battery mode (yellow), Fault (red)\", \"Protection\": \"Surge protection, Overload protection, Short circuit protection, Battery low protection\", \"Technology\": \"Off-Line UPS technology\", \"Noise Level\": \"<45 dBA at 1m distance\", \"Back-up Time\": \"Varies based on load and battery capacity\", \"Transfer Time\": \"<10 ms\", \"Operating Environment\": {\"Humidity\": \"20% - 90% (Non condensing)\", \"Temperature\": \"0C - 40C\"}}','[{\"url\": \"/Product Report/UPS Off Line.pdf\", \"name\": \"UPS Off Line Catalog\", \"type\": \"pdf\"}]','Off-Line UPS OLF-800 (800VA) - Micro Control Technology','Reliable Off-Line UPS system OLF-800 with 800VA capacity. Fast transfer time, surge protection, battery backup. Ideal for home and office use.','offline ups, OLF-800, 800VA, ups system, battery backup, surge protection, Micro Control Technology',NULL,1,1,NULL,3,'2025-11-28 15:05:14','2025-11-28 15:05:14',NULL),(4,'Off-Line UPS OLF-1000 (1000VA)','olf-1000-offline-ups','OLF-1000','Reliable Off-Line UPS system with 1000VA capacity. Features fast transfer time, surge protection, and battery backup for home and office applications.','<h2>Off-Line UPS OLF-1000 - 1000VA</h2>\r\n        <p>Reliable Off-Line UPS system designed for home and office applications, providing essential power protection and battery backup during power outages.</p>\r\n        \r\n        <h3>Key Features:</h3>\r\n        <ul>\r\n            <li><strong>Technology:</strong> Off-Line UPS technology</li>\r\n            <li><strong>Fast Transfer Time:</strong> <10 ms</li>\r\n            <li><strong>Surge Protection:</strong> Surge protection, Overload protection, Short circuit protection, Battery low protection</li>\r\n            <li><strong>Wave Form:</strong> Modified sine wave / Pure sine wave</li>\r\n            <li><strong>High Efficiency:</strong> >80%</li>\r\n            <li><strong>LED Indicators:</strong> Line input (green), Battery mode (yellow), Fault (red)</li>\r\n        </ul>\r\n\r\n        <h3>Applications:</h3>\r\n        <ul>\r\n            <li>Home computers and workstations</li>\r\n            <li>Small office equipment</li>\r\n            <li>Network devices</li>\r\n            <li>Security systems</li>\r\n            <li>Gaming consoles</li>\r\n        </ul>\r\n\r\n        <h3>Technical Specifications:</h3>\r\n        <ul>\r\n            <li><strong>AC Input:</strong> 220V AC 20%, 50/60 Hz 3 Hz</li>\r\n            <li><strong>AC Output:</strong> 220V AC (5% adjustable), 50/60 Hz</li>\r\n            <li><strong>Battery:</strong> Sealed lead acid battery, Maintenance free</li>\r\n            <li><strong>Charging Time:</strong> About 8-10 hours after fully discharged</li>\r\n            <li><strong>Operating Environment:</strong> 0C - 40C, 20% - 90% (Non condensing)</li>\r\n            <li><strong>Noise Level:</strong> <45 dBA at 1m distance</li>\r\n        </ul>\r\n\r\n        <p><strong>Note:</strong> Actual specifications may vary. For detailed information and custom configurations, please contact Micro Control Technology.</p>',NULL,NULL,NULL,'Contact for pricing',0,'{\"Model\": \"OLF-1000\", \"Alarms\": {\"Battery Discharge\": \"Audible alarm when battery is low\"}, \"Battery\": {\"Type\": \"Sealed lead acid battery, Maintenance free\", \"Charging Time\": \"About 8-10 hours after fully discharged\"}, \"AC Input\": {\"Voltage\": \"220V AC 20%\", \"Frequency\": \"50/60 Hz 3 Hz\"}, \"Capacity\": \"1000VA\", \"AC Output\": {\"Voltage\": \"220V AC (5% adjustable)\", \"Frequency\": \"50/60 Hz\"}, \"Wave Form\": \"Modified sine wave / Pure sine wave\", \"Efficiency\": \">80%\", \"Indicators\": \"Line input (green), Battery mode (yellow), Fault (red)\", \"Protection\": \"Surge protection, Overload protection, Short circuit protection, Battery low protection\", \"Technology\": \"Off-Line UPS technology\", \"Noise Level\": \"<45 dBA at 1m distance\", \"Back-up Time\": \"Varies based on load and battery capacity\", \"Transfer Time\": \"<10 ms\", \"Operating Environment\": {\"Humidity\": \"20% - 90% (Non condensing)\", \"Temperature\": \"0C - 40C\"}}','[{\"url\": \"/Product Report/UPS Off Line.pdf\", \"name\": \"UPS Off Line Catalog\", \"type\": \"pdf\"}]','Off-Line UPS OLF-1000 (1000VA) - Micro Control Technology','Reliable Off-Line UPS system OLF-1000 with 1000VA capacity. Fast transfer time, surge protection, battery backup. Ideal for home and office use.','offline ups, OLF-1000, 1000VA, ups system, battery backup, surge protection, Micro Control Technology',NULL,1,0,NULL,4,'2025-11-28 15:05:14','2025-11-28 15:05:14',NULL),(5,'Off-Line UPS OLF-1500 (1500VA)','olf-1500-offline-ups','OLF-1500','Reliable Off-Line UPS system with 1500VA capacity. Features fast transfer time, surge protection, and battery backup for home and office applications.','<h2>Off-Line UPS OLF-1500 - 1500VA</h2>\r\n        <p>Reliable Off-Line UPS system designed for home and office applications, providing essential power protection and battery backup during power outages.</p>\r\n        \r\n        <h3>Key Features:</h3>\r\n        <ul>\r\n            <li><strong>Technology:</strong> Off-Line UPS technology</li>\r\n            <li><strong>Fast Transfer Time:</strong> <10 ms</li>\r\n            <li><strong>Surge Protection:</strong> Surge protection, Overload protection, Short circuit protection, Battery low protection</li>\r\n            <li><strong>Wave Form:</strong> Modified sine wave / Pure sine wave</li>\r\n            <li><strong>High Efficiency:</strong> >80%</li>\r\n            <li><strong>LED Indicators:</strong> Line input (green), Battery mode (yellow), Fault (red)</li>\r\n        </ul>\r\n\r\n        <h3>Applications:</h3>\r\n        <ul>\r\n            <li>Home computers and workstations</li>\r\n            <li>Small office equipment</li>\r\n            <li>Network devices</li>\r\n            <li>Security systems</li>\r\n            <li>Gaming consoles</li>\r\n        </ul>\r\n\r\n        <h3>Technical Specifications:</h3>\r\n        <ul>\r\n            <li><strong>AC Input:</strong> 220V AC 20%, 50/60 Hz 3 Hz</li>\r\n            <li><strong>AC Output:</strong> 220V AC (5% adjustable), 50/60 Hz</li>\r\n            <li><strong>Battery:</strong> Sealed lead acid battery, Maintenance free</li>\r\n            <li><strong>Charging Time:</strong> About 8-10 hours after fully discharged</li>\r\n            <li><strong>Operating Environment:</strong> 0C - 40C, 20% - 90% (Non condensing)</li>\r\n            <li><strong>Noise Level:</strong> <45 dBA at 1m distance</li>\r\n        </ul>\r\n\r\n        <p><strong>Note:</strong> Actual specifications may vary. For detailed information and custom configurations, please contact Micro Control Technology.</p>',NULL,NULL,NULL,'Contact for pricing',0,'{\"Model\": \"OLF-1500\", \"Alarms\": {\"Battery Discharge\": \"Audible alarm when battery is low\"}, \"Battery\": {\"Type\": \"Sealed lead acid battery, Maintenance free\", \"Charging Time\": \"About 8-10 hours after fully discharged\"}, \"AC Input\": {\"Voltage\": \"220V AC 20%\", \"Frequency\": \"50/60 Hz 3 Hz\"}, \"Capacity\": \"1500VA\", \"AC Output\": {\"Voltage\": \"220V AC (5% adjustable)\", \"Frequency\": \"50/60 Hz\"}, \"Wave Form\": \"Modified sine wave / Pure sine wave\", \"Efficiency\": \">80%\", \"Indicators\": \"Line input (green), Battery mode (yellow), Fault (red)\", \"Protection\": \"Surge protection, Overload protection, Short circuit protection, Battery low protection\", \"Technology\": \"Off-Line UPS technology\", \"Noise Level\": \"<45 dBA at 1m distance\", \"Back-up Time\": \"Varies based on load and battery capacity\", \"Transfer Time\": \"<10 ms\", \"Operating Environment\": {\"Humidity\": \"20% - 90% (Non condensing)\", \"Temperature\": \"0C - 40C\"}}','[{\"url\": \"/Product Report/UPS Off Line.pdf\", \"name\": \"UPS Off Line Catalog\", \"type\": \"pdf\"}]','Off-Line UPS OLF-1500 (1500VA) - Micro Control Technology','Reliable Off-Line UPS system OLF-1500 with 1500VA capacity. Fast transfer time, surge protection, battery backup. Ideal for home and office use.','offline ups, OLF-1500, 1500VA, ups system, battery backup, surge protection, Micro Control Technology',NULL,1,0,NULL,5,'2025-11-28 15:05:15','2025-11-28 15:05:15',NULL),(6,'Off-Line UPS OLF-2000 (2000VA)','olf-2000-offline-ups','OLF-2000','Reliable Off-Line UPS system with 2000VA capacity. Features fast transfer time, surge protection, and battery backup for home and office applications.','<h2>Off-Line UPS OLF-2000 - 2000VA</h2>\r\n        <p>Reliable Off-Line UPS system designed for home and office applications, providing essential power protection and battery backup during power outages.</p>\r\n        \r\n        <h3>Key Features:</h3>\r\n        <ul>\r\n            <li><strong>Technology:</strong> Off-Line UPS technology</li>\r\n            <li><strong>Fast Transfer Time:</strong> <10 ms</li>\r\n            <li><strong>Surge Protection:</strong> Surge protection, Overload protection, Short circuit protection, Battery low protection</li>\r\n            <li><strong>Wave Form:</strong> Modified sine wave / Pure sine wave</li>\r\n            <li><strong>High Efficiency:</strong> >80%</li>\r\n            <li><strong>LED Indicators:</strong> Line input (green), Battery mode (yellow), Fault (red)</li>\r\n        </ul>\r\n\r\n        <h3>Applications:</h3>\r\n        <ul>\r\n            <li>Home computers and workstations</li>\r\n            <li>Small office equipment</li>\r\n            <li>Network devices</li>\r\n            <li>Security systems</li>\r\n            <li>Gaming consoles</li>\r\n        </ul>\r\n\r\n        <h3>Technical Specifications:</h3>\r\n        <ul>\r\n            <li><strong>AC Input:</strong> 220V AC 20%, 50/60 Hz 3 Hz</li>\r\n            <li><strong>AC Output:</strong> 220V AC (5% adjustable), 50/60 Hz</li>\r\n            <li><strong>Battery:</strong> Sealed lead acid battery, Maintenance free</li>\r\n            <li><strong>Charging Time:</strong> About 8-10 hours after fully discharged</li>\r\n            <li><strong>Operating Environment:</strong> 0C - 40C, 20% - 90% (Non condensing)</li>\r\n            <li><strong>Noise Level:</strong> <45 dBA at 1m distance</li>\r\n        </ul>\r\n\r\n        <p><strong>Note:</strong> Actual specifications may vary. For detailed information and custom configurations, please contact Micro Control Technology.</p>',NULL,NULL,NULL,'Contact for pricing',0,'{\"Model\": \"OLF-2000\", \"Alarms\": {\"Battery Discharge\": \"Audible alarm when battery is low\"}, \"Battery\": {\"Type\": \"Sealed lead acid battery, Maintenance free\", \"Charging Time\": \"About 8-10 hours after fully discharged\"}, \"AC Input\": {\"Voltage\": \"220V AC 20%\", \"Frequency\": \"50/60 Hz 3 Hz\"}, \"Capacity\": \"2000VA\", \"AC Output\": {\"Voltage\": \"220V AC (5% adjustable)\", \"Frequency\": \"50/60 Hz\"}, \"Wave Form\": \"Modified sine wave / Pure sine wave\", \"Efficiency\": \">80%\", \"Indicators\": \"Line input (green), Battery mode (yellow), Fault (red)\", \"Protection\": \"Surge protection, Overload protection, Short circuit protection, Battery low protection\", \"Technology\": \"Off-Line UPS technology\", \"Noise Level\": \"<45 dBA at 1m distance\", \"Back-up Time\": \"Varies based on load and battery capacity\", \"Transfer Time\": \"<10 ms\", \"Operating Environment\": {\"Humidity\": \"20% - 90% (Non condensing)\", \"Temperature\": \"0C - 40C\"}}','[{\"url\": \"/Product Report/UPS Off Line.pdf\", \"name\": \"UPS Off Line Catalog\", \"type\": \"pdf\"}]','Off-Line UPS OLF-2000 (2000VA) - Micro Control Technology','Reliable Off-Line UPS system OLF-2000 with 2000VA capacity. Fast transfer time, surge protection, battery backup. Ideal for home and office use.','offline ups, OLF-2000, 2000VA, ups system, battery backup, surge protection, Micro Control Technology',NULL,1,0,NULL,6,'2025-11-28 15:05:15','2025-11-28 15:05:15',NULL),(7,'Off-Line UPS OLF-3000 (3000VA)','olf-3000-offline-ups','OLF-3000','Reliable Off-Line UPS system with 3000VA capacity. Features fast transfer time, surge protection, and battery backup for home and office applications.','<h2>Off-Line UPS OLF-3000 - 3000VA</h2>\r\n        <p>Reliable Off-Line UPS system designed for home and office applications, providing essential power protection and battery backup during power outages.</p>\r\n        \r\n        <h3>Key Features:</h3>\r\n        <ul>\r\n            <li><strong>Technology:</strong> Off-Line UPS technology</li>\r\n            <li><strong>Fast Transfer Time:</strong> <10 ms</li>\r\n            <li><strong>Surge Protection:</strong> Surge protection, Overload protection, Short circuit protection, Battery low protection</li>\r\n            <li><strong>Wave Form:</strong> Modified sine wave / Pure sine wave</li>\r\n            <li><strong>High Efficiency:</strong> >80%</li>\r\n            <li><strong>LED Indicators:</strong> Line input (green), Battery mode (yellow), Fault (red)</li>\r\n        </ul>\r\n\r\n        <h3>Applications:</h3>\r\n        <ul>\r\n            <li>Home computers and workstations</li>\r\n            <li>Small office equipment</li>\r\n            <li>Network devices</li>\r\n            <li>Security systems</li>\r\n            <li>Gaming consoles</li>\r\n        </ul>\r\n\r\n        <h3>Technical Specifications:</h3>\r\n        <ul>\r\n            <li><strong>AC Input:</strong> 220V AC 20%, 50/60 Hz 3 Hz</li>\r\n            <li><strong>AC Output:</strong> 220V AC (5% adjustable), 50/60 Hz</li>\r\n            <li><strong>Battery:</strong> Sealed lead acid battery, Maintenance free</li>\r\n            <li><strong>Charging Time:</strong> About 8-10 hours after fully discharged</li>\r\n            <li><strong>Operating Environment:</strong> 0C - 40C, 20% - 90% (Non condensing)</li>\r\n            <li><strong>Noise Level:</strong> <45 dBA at 1m distance</li>\r\n        </ul>\r\n\r\n        <p><strong>Note:</strong> Actual specifications may vary. For detailed information and custom configurations, please contact Micro Control Technology.</p>',NULL,NULL,NULL,'Contact for pricing',0,'{\"Model\": \"OLF-3000\", \"Alarms\": {\"Battery Discharge\": \"Audible alarm when battery is low\"}, \"Battery\": {\"Type\": \"Sealed lead acid battery, Maintenance free\", \"Charging Time\": \"About 8-10 hours after fully discharged\"}, \"AC Input\": {\"Voltage\": \"220V AC 20%\", \"Frequency\": \"50/60 Hz 3 Hz\"}, \"Capacity\": \"3000VA\", \"AC Output\": {\"Voltage\": \"220V AC (5% adjustable)\", \"Frequency\": \"50/60 Hz\"}, \"Wave Form\": \"Modified sine wave / Pure sine wave\", \"Efficiency\": \">80%\", \"Indicators\": \"Line input (green), Battery mode (yellow), Fault (red)\", \"Protection\": \"Surge protection, Overload protection, Short circuit protection, Battery low protection\", \"Technology\": \"Off-Line UPS technology\", \"Noise Level\": \"<45 dBA at 1m distance\", \"Back-up Time\": \"Varies based on load and battery capacity\", \"Transfer Time\": \"<10 ms\", \"Operating Environment\": {\"Humidity\": \"20% - 90% (Non condensing)\", \"Temperature\": \"0C - 40C\"}}','[{\"url\": \"/Product Report/UPS Off Line.pdf\", \"name\": \"UPS Off Line Catalog\", \"type\": \"pdf\"}]','Off-Line UPS OLF-3000 (3000VA) - Micro Control Technology','Reliable Off-Line UPS system OLF-3000 with 3000VA capacity. Fast transfer time, surge protection, battery backup. Ideal for home and office use.','offline ups, OLF-3000, 3000VA, ups system, battery backup, surge protection, Micro Control Technology',NULL,1,0,NULL,7,'2025-11-28 15:05:15','2025-11-28 15:05:15',NULL),(8,'On-Line UPS OL-1K (1KVA)','ol-1k-online-ups-catalog1','OL-1K','Professional On-Line UPS system with 1KVA capacity. Features double conversion SPWM technology, LCD display, and zero transfer time for critical applications.','<h2>On-Line UPS OL-1K - 1KVA</h2>\r\n        <p>Professional-grade On-Line UPS system with True Double Conversion technology, designed for critical applications requiring zero transfer time and continuous power protection.</p>\r\n        \r\n        <h3>Key Features:</h3>\r\n        <ul>\r\n            <li><strong>Technology:</strong> Double conversion SPWM technology</li>\r\n            <li><strong>Zero Transfer Time:</strong> 0 (zero) ms - Uninterrupted power supply</li>\r\n            <li><strong>LCD Display:</strong> LCD Display for real-time monitoring</li>\r\n            <li><strong>Pure Sine Wave Output:</strong> Pure sine wave for sensitive equipment</li>\r\n            <li><strong>High Efficiency:</strong> >85%</li>\r\n            <li><strong>Comprehensive Protection:</strong> Lightning, Transient/Spike, Surge, Sag, Black Out, Brown out, Flicker, Over voltage, Under voltage, Over Load, Short circuit, Battery over charge, Battery low(deep discharge) & Noise (EMI/RFI) as per International safety standard</li>\r\n            <li><strong>RS-232 Interface:</strong> Support RS 232 for UPS monitoring utility software. Provide power management & diagnostic functions including power status (Input/output voltage, frequency), Battery Low, Schedule UPS ON/OFF, Battery/load level display and more. Compatible with MS Dos, Windows 3.XX/95/98/XP/7/NT & Novell, etc.</li>\r\n        </ul>\r\n\r\n        <h3>Applications:</h3>\r\n        <ul>\r\n            <li>Server rooms and data centers</li>\r\n            <li>Medical equipment and healthcare facilities</li>\r\n            <li>Industrial automation systems</li>\r\n            <li>Telecommunications equipment</li>\r\n            <li>Critical business operations</li>\r\n            <li>Financial institutions</li>\r\n            <li>Security and surveillance systems</li>\r\n        </ul>\r\n\r\n        <h3>Technical Specifications:</h3>\r\n        <ul>\r\n            <li><strong>AC Input:</strong> 220V AC (Single phase) or 380V AC (Three phase), 25% 20%, 50/60 Hz 3 Hz</li>\r\n            <li><strong>AC Output:</strong> 110 V or 220 V (5% adjustable), Single Phase, 50/60 Hz</li>\r\n            <li><strong>Voltage Regulation:</strong> 1% or 2%</li>\r\n            <li><strong>Frequency Stability:</strong> 0.5%</li>\r\n            <li><strong>Power Factor:</strong> 0.7 ~ 1 (Lagging)</li>\r\n            <li><strong>Harmonic Distortion:</strong> <3% Of T.H.D at linear load</li>\r\n            <li><strong>Battery:</strong> Sealed lead acid battery, Maintenance free battery</li>\r\n            <li><strong>Charging Time:</strong> About 10 hours 90% after fully discharged</li>\r\n            <li><strong>Operating Environment:</strong> 10C - 60C, 20% - 90% (Non condensing)</li>\r\n            <li><strong>Noise Level:</strong> <55 dBA at 1m distance</li>\r\n        </ul>\r\n\r\n        <h3>Back-up Time Options:</h3>\r\n        <p>Available in multiple series (S, X, M, L, LL) with different back-up times:</p>\r\n        <ul>\r\n            <li><strong>Full Load:</strong> S: 15 min, X: 30 min, M: 60 min, L: 120 min, LL: 240 min</li>\r\n            <li><strong>Half Load:</strong> S: 30 min, X: 60 min, M: 120 min, L: 240 min, LL: 480 min</li>\r\n        </ul>\r\n\r\n        <p><strong>Note:</strong> Actual series will be indicated with each model depending on back-up time. Capacity and back-up time mentioned are for computer load. For any other application, please contact Micro Control Technology.</p>',NULL,NULL,NULL,'Contact for pricing',0,'{\"Model\": \"OL-1K\", \"Alarms\": {\"UPS Fault\": \"Continuous beeping sound\", \"Battery Discharge\": \"The first warning will beep every 4 seconds to indicate battery in use. The second warning will beep every 1 second to signal battery low condition\"}, \"Battery\": {\"Type\": \"Sealed lead acid battery, Maintenance free battery\", \"Charging Time\": \"About 10 hours 90% after fully discharged\"}, \"Display\": \"LCD Display\", \"AC Input\": {\"Voltage\": \"220V AC (Single phase) or 380V AC (Three phase), 25% 20%\", \"Frequency\": \"50/60 Hz 3 Hz\"}, \"Capacity\": \"1KVA\", \"AC Output\": {\"Voltage\": \"110 V or 220 V (5% adjustable), Single Phase\", \"Frequency\": \"50/60 Hz\", \"Wave Form\": \"Pure sine wave\", \"Power Factor\": \"0.7 ~ 1 (Lagging)\", \"Transient Response\": \"+4% for 100% instantaneous load variation, recovery to 1% of rated load within 2 ms\", \"Voltage Regulation\": \"1% or 2%\", \"Frequency Stability\": \"0.5%\", \"Harmonic Distortion\": \"<3% Of T.H.D at linear load\"}, \"Interface\": \"Support RS 232 for UPS monitoring utility software. Provide power management & diagnostic functions including power status (Input/output voltage, frequency), Battery Low, Schedule UPS ON/OFF, Battery/load level display and more. Compatible with MS Dos, Windows 3.XX/95/98/XP/7/NT & Novell, etc.\", \"Efficiency\": \">85%\", \"Indicators\": {\"Status\": \"Line input (green), Inverter output (green), Bypass (amber), Fault (red)\", \"Load Level\": \"5 green LEDs, 2 red LEDs and red LEDs indicate overload condition\", \"Battery Capacity\": \"5 green LEDs, 2 red LEDs and red LEDs indicate battery low condition\"}, \"Protection\": \"Lightning, Transient/Spike, Surge, Sag, Black Out, Brown out, Flicker, Over voltage, Under voltage, Over Load, Short circuit, Battery over charge, Battery low(deep discharge) & Noise (EMI/RFI) as per International safety standard\", \"Technology\": \"Double conversion SPWM technology\", \"Noise Level\": \"<55 dBA at 1m distance\", \"Transfer Time\": \"0 (zero) ms\", \"Overload Detection\": \"125% for 10 secs. and 150% for 10 cycles. Crest factor 3:1\", \"Back-up Time Options\": {\"Full Load\": \"S: 15 min, X: 30 min, M: 60 min, L: 120 min, LL: 240 min\", \"Half Load\": \"S: 30 min, X: 60 min, M: 120 min, L: 240 min, LL: 480 min\"}, \"Operating Environment\": {\"Humidity\": \"20% - 90% (Non condensing)\", \"Temperature\": \"10C - 60C\"}}','[{\"url\": \"/Product Report/On-Line Catalog1.pdf\", \"name\": \"On-Line Catalog 1\", \"type\": \"pdf\"}]','On-Line UPS OL-1K (1KVA) - Micro Control Technology','Professional On-Line UPS system OL-1K with 1KVA capacity. Double conversion SPWM technology, LCD display, zero transfer time. Ideal for servers, data centers, and critical applications.','online ups, OL-1K, 1KVA, double conversion, SPWM, LCD display, zero transfer time, UPS system, Micro Control Technology',NULL,1,1,NULL,1,'2025-11-28 15:05:15','2025-11-28 15:05:15',NULL),(9,'On-Line UPS OL-2K (2KVA)','ol-2k-online-ups-catalog1','OL-2K','Professional On-Line UPS system with 2KVA capacity. Features double conversion SPWM technology, LCD display, and zero transfer time for critical applications.','<h2>On-Line UPS OL-2K - 2KVA</h2>\r\n        <p>Professional-grade On-Line UPS system with True Double Conversion technology, designed for critical applications requiring zero transfer time and continuous power protection.</p>\r\n        \r\n        <h3>Key Features:</h3>\r\n        <ul>\r\n            <li><strong>Technology:</strong> Double conversion SPWM technology</li>\r\n            <li><strong>Zero Transfer Time:</strong> 0 (zero) ms - Uninterrupted power supply</li>\r\n            <li><strong>LCD Display:</strong> LCD Display for real-time monitoring</li>\r\n            <li><strong>Pure Sine Wave Output:</strong> Pure sine wave for sensitive equipment</li>\r\n            <li><strong>High Efficiency:</strong> >85%</li>\r\n            <li><strong>Comprehensive Protection:</strong> Lightning, Transient/Spike, Surge, Sag, Black Out, Brown out, Flicker, Over voltage, Under voltage, Over Load, Short circuit, Battery over charge, Battery low(deep discharge) & Noise (EMI/RFI) as per International safety standard</li>\r\n            <li><strong>RS-232 Interface:</strong> Support RS 232 for UPS monitoring utility software. Provide power management & diagnostic functions including power status (Input/output voltage, frequency), Battery Low, Schedule UPS ON/OFF, Battery/load level display and more. Compatible with MS Dos, Windows 3.XX/95/98/XP/7/NT & Novell, etc.</li>\r\n        </ul>\r\n\r\n        <h3>Applications:</h3>\r\n        <ul>\r\n            <li>Server rooms and data centers</li>\r\n            <li>Medical equipment and healthcare facilities</li>\r\n            <li>Industrial automation systems</li>\r\n            <li>Telecommunications equipment</li>\r\n            <li>Critical business operations</li>\r\n            <li>Financial institutions</li>\r\n            <li>Security and surveillance systems</li>\r\n        </ul>\r\n\r\n        <h3>Technical Specifications:</h3>\r\n        <ul>\r\n            <li><strong>AC Input:</strong> 220V AC (Single phase) or 380V AC (Three phase), 25% 20%, 50/60 Hz 3 Hz</li>\r\n            <li><strong>AC Output:</strong> 110 V or 220 V (5% adjustable), Single Phase, 50/60 Hz</li>\r\n            <li><strong>Voltage Regulation:</strong> 1% or 2%</li>\r\n            <li><strong>Frequency Stability:</strong> 0.5%</li>\r\n            <li><strong>Power Factor:</strong> 0.7 ~ 1 (Lagging)</li>\r\n            <li><strong>Harmonic Distortion:</strong> <3% Of T.H.D at linear load</li>\r\n            <li><strong>Battery:</strong> Sealed lead acid battery, Maintenance free battery</li>\r\n            <li><strong>Charging Time:</strong> About 10 hours 90% after fully discharged</li>\r\n            <li><strong>Operating Environment:</strong> 10C - 60C, 20% - 90% (Non condensing)</li>\r\n            <li><strong>Noise Level:</strong> <55 dBA at 1m distance</li>\r\n        </ul>\r\n\r\n        <h3>Back-up Time Options:</h3>\r\n        <p>Available in multiple series (S, X, M, L, LL) with different back-up times:</p>\r\n        <ul>\r\n            <li><strong>Full Load:</strong> S: 15 min, X: 30 min, M: 60 min, L: 120 min, LL: 240 min</li>\r\n            <li><strong>Half Load:</strong> S: 30 min, X: 60 min, M: 120 min, L: 240 min, LL: 480 min</li>\r\n        </ul>\r\n\r\n        <p><strong>Note:</strong> Actual series will be indicated with each model depending on back-up time. Capacity and back-up time mentioned are for computer load. For any other application, please contact Micro Control Technology.</p>',NULL,NULL,NULL,'Contact for pricing',0,'{\"Model\": \"OL-2K\", \"Alarms\": {\"UPS Fault\": \"Continuous beeping sound\", \"Battery Discharge\": \"The first warning will beep every 4 seconds to indicate battery in use. The second warning will beep every 1 second to signal battery low condition\"}, \"Battery\": {\"Type\": \"Sealed lead acid battery, Maintenance free battery\", \"Charging Time\": \"About 10 hours 90% after fully discharged\"}, \"Display\": \"LCD Display\", \"AC Input\": {\"Voltage\": \"220V AC (Single phase) or 380V AC (Three phase), 25% 20%\", \"Frequency\": \"50/60 Hz 3 Hz\"}, \"Capacity\": \"2KVA\", \"AC Output\": {\"Voltage\": \"110 V or 220 V (5% adjustable), Single Phase\", \"Frequency\": \"50/60 Hz\", \"Wave Form\": \"Pure sine wave\", \"Power Factor\": \"0.7 ~ 1 (Lagging)\", \"Transient Response\": \"+4% for 100% instantaneous load variation, recovery to 1% of rated load within 2 ms\", \"Voltage Regulation\": \"1% or 2%\", \"Frequency Stability\": \"0.5%\", \"Harmonic Distortion\": \"<3% Of T.H.D at linear load\"}, \"Interface\": \"Support RS 232 for UPS monitoring utility software. Provide power management & diagnostic functions including power status (Input/output voltage, frequency), Battery Low, Schedule UPS ON/OFF, Battery/load level display and more. Compatible with MS Dos, Windows 3.XX/95/98/XP/7/NT & Novell, etc.\", \"Efficiency\": \">85%\", \"Indicators\": {\"Status\": \"Line input (green), Inverter output (green), Bypass (amber), Fault (red)\", \"Load Level\": \"5 green LEDs, 2 red LEDs and red LEDs indicate overload condition\", \"Battery Capacity\": \"5 green LEDs, 2 red LEDs and red LEDs indicate battery low condition\"}, \"Protection\": \"Lightning, Transient/Spike, Surge, Sag, Black Out, Brown out, Flicker, Over voltage, Under voltage, Over Load, Short circuit, Battery over charge, Battery low(deep discharge) & Noise (EMI/RFI) as per International safety standard\", \"Technology\": \"Double conversion SPWM technology\", \"Noise Level\": \"<55 dBA at 1m distance\", \"Transfer Time\": \"0 (zero) ms\", \"Overload Detection\": \"125% for 10 secs. and 150% for 10 cycles. Crest factor 3:1\", \"Back-up Time Options\": {\"Full Load\": \"S: 15 min, X: 30 min, M: 60 min, L: 120 min, LL: 240 min\", \"Half Load\": \"S: 30 min, X: 60 min, M: 120 min, L: 240 min, LL: 480 min\"}, \"Operating Environment\": {\"Humidity\": \"20% - 90% (Non condensing)\", \"Temperature\": \"10C - 60C\"}}','[{\"url\": \"/Product Report/On-Line Catalog1.pdf\", \"name\": \"On-Line Catalog 1\", \"type\": \"pdf\"}]','On-Line UPS OL-2K (2KVA) - Micro Control Technology','Professional On-Line UPS system OL-2K with 2KVA capacity. Double conversion SPWM technology, LCD display, zero transfer time. Ideal for servers, data centers, and critical applications.','online ups, OL-2K, 2KVA, double conversion, SPWM, LCD display, zero transfer time, UPS system, Micro Control Technology',NULL,1,1,NULL,2,'2025-11-28 15:05:15','2025-11-28 15:05:15',NULL),(10,'On-Line UPS OL-3K (3KVA)','ol-3k-online-ups-catalog1','OL-3K','Professional On-Line UPS system with 3KVA capacity. Features double conversion SPWM technology, LCD display, and zero transfer time for critical applications.','<h2>On-Line UPS OL-3K - 3KVA</h2>\r\n        <p>Professional-grade On-Line UPS system with True Double Conversion technology, designed for critical applications requiring zero transfer time and continuous power protection.</p>\r\n        \r\n        <h3>Key Features:</h3>\r\n        <ul>\r\n            <li><strong>Technology:</strong> Double conversion SPWM technology</li>\r\n            <li><strong>Zero Transfer Time:</strong> 0 (zero) ms - Uninterrupted power supply</li>\r\n            <li><strong>LCD Display:</strong> LCD Display for real-time monitoring</li>\r\n            <li><strong>Pure Sine Wave Output:</strong> Pure sine wave for sensitive equipment</li>\r\n            <li><strong>High Efficiency:</strong> >85%</li>\r\n            <li><strong>Comprehensive Protection:</strong> Lightning, Transient/Spike, Surge, Sag, Black Out, Brown out, Flicker, Over voltage, Under voltage, Over Load, Short circuit, Battery over charge, Battery low(deep discharge) & Noise (EMI/RFI) as per International safety standard</li>\r\n            <li><strong>RS-232 Interface:</strong> Support RS 232 for UPS monitoring utility software. Provide power management & diagnostic functions including power status (Input/output voltage, frequency), Battery Low, Schedule UPS ON/OFF, Battery/load level display and more. Compatible with MS Dos, Windows 3.XX/95/98/XP/7/NT & Novell, etc.</li>\r\n        </ul>\r\n\r\n        <h3>Applications:</h3>\r\n        <ul>\r\n            <li>Server rooms and data centers</li>\r\n            <li>Medical equipment and healthcare facilities</li>\r\n            <li>Industrial automation systems</li>\r\n            <li>Telecommunications equipment</li>\r\n            <li>Critical business operations</li>\r\n            <li>Financial institutions</li>\r\n            <li>Security and surveillance systems</li>\r\n        </ul>\r\n\r\n        <h3>Technical Specifications:</h3>\r\n        <ul>\r\n            <li><strong>AC Input:</strong> 220V AC (Single phase) or 380V AC (Three phase), 25% 20%, 50/60 Hz 3 Hz</li>\r\n            <li><strong>AC Output:</strong> 110 V or 220 V (5% adjustable), Single Phase, 50/60 Hz</li>\r\n            <li><strong>Voltage Regulation:</strong> 1% or 2%</li>\r\n            <li><strong>Frequency Stability:</strong> 0.5%</li>\r\n            <li><strong>Power Factor:</strong> 0.7 ~ 1 (Lagging)</li>\r\n            <li><strong>Harmonic Distortion:</strong> <3% Of T.H.D at linear load</li>\r\n            <li><strong>Battery:</strong> Sealed lead acid battery, Maintenance free battery</li>\r\n            <li><strong>Charging Time:</strong> About 10 hours 90% after fully discharged</li>\r\n            <li><strong>Operating Environment:</strong> 10C - 60C, 20% - 90% (Non condensing)</li>\r\n            <li><strong>Noise Level:</strong> <55 dBA at 1m distance</li>\r\n        </ul>\r\n\r\n        <h3>Back-up Time Options:</h3>\r\n        <p>Available in multiple series (S, X, M, L, LL) with different back-up times:</p>\r\n        <ul>\r\n            <li><strong>Full Load:</strong> S: 15 min, X: 30 min, M: 60 min, L: 120 min, LL: 240 min</li>\r\n            <li><strong>Half Load:</strong> S: 30 min, X: 60 min, M: 120 min, L: 240 min, LL: 480 min</li>\r\n        </ul>\r\n\r\n        <p><strong>Note:</strong> Actual series will be indicated with each model depending on back-up time. Capacity and back-up time mentioned are for computer load. For any other application, please contact Micro Control Technology.</p>',NULL,NULL,NULL,'Contact for pricing',0,'{\"Model\": \"OL-3K\", \"Alarms\": {\"UPS Fault\": \"Continuous beeping sound\", \"Battery Discharge\": \"The first warning will beep every 4 seconds to indicate battery in use. The second warning will beep every 1 second to signal battery low condition\"}, \"Battery\": {\"Type\": \"Sealed lead acid battery, Maintenance free battery\", \"Charging Time\": \"About 10 hours 90% after fully discharged\"}, \"Display\": \"LCD Display\", \"AC Input\": {\"Voltage\": \"220V AC (Single phase) or 380V AC (Three phase), 25% 20%\", \"Frequency\": \"50/60 Hz 3 Hz\"}, \"Capacity\": \"3KVA\", \"AC Output\": {\"Voltage\": \"110 V or 220 V (5% adjustable), Single Phase\", \"Frequency\": \"50/60 Hz\", \"Wave Form\": \"Pure sine wave\", \"Power Factor\": \"0.7 ~ 1 (Lagging)\", \"Transient Response\": \"+4% for 100% instantaneous load variation, recovery to 1% of rated load within 2 ms\", \"Voltage Regulation\": \"1% or 2%\", \"Frequency Stability\": \"0.5%\", \"Harmonic Distortion\": \"<3% Of T.H.D at linear load\"}, \"Interface\": \"Support RS 232 for UPS monitoring utility software. Provide power management & diagnostic functions including power status (Input/output voltage, frequency), Battery Low, Schedule UPS ON/OFF, Battery/load level display and more. Compatible with MS Dos, Windows 3.XX/95/98/XP/7/NT & Novell, etc.\", \"Efficiency\": \">85%\", \"Indicators\": {\"Status\": \"Line input (green), Inverter output (green), Bypass (amber), Fault (red)\", \"Load Level\": \"5 green LEDs, 2 red LEDs and red LEDs indicate overload condition\", \"Battery Capacity\": \"5 green LEDs, 2 red LEDs and red LEDs indicate battery low condition\"}, \"Protection\": \"Lightning, Transient/Spike, Surge, Sag, Black Out, Brown out, Flicker, Over voltage, Under voltage, Over Load, Short circuit, Battery over charge, Battery low(deep discharge) & Noise (EMI/RFI) as per International safety standard\", \"Technology\": \"Double conversion SPWM technology\", \"Noise Level\": \"<55 dBA at 1m distance\", \"Transfer Time\": \"0 (zero) ms\", \"Overload Detection\": \"125% for 10 secs. and 150% for 10 cycles. Crest factor 3:1\", \"Back-up Time Options\": {\"Full Load\": \"S: 15 min, X: 30 min, M: 60 min, L: 120 min, LL: 240 min\", \"Half Load\": \"S: 30 min, X: 60 min, M: 120 min, L: 240 min, LL: 480 min\"}, \"Operating Environment\": {\"Humidity\": \"20% - 90% (Non condensing)\", \"Temperature\": \"10C - 60C\"}}','[{\"url\": \"/Product Report/On-Line Catalog1.pdf\", \"name\": \"On-Line Catalog 1\", \"type\": \"pdf\"}]','On-Line UPS OL-3K (3KVA) - Micro Control Technology','Professional On-Line UPS system OL-3K with 3KVA capacity. Double conversion SPWM technology, LCD display, zero transfer time. Ideal for servers, data centers, and critical applications.','online ups, OL-3K, 3KVA, double conversion, SPWM, LCD display, zero transfer time, UPS system, Micro Control Technology',NULL,1,1,NULL,3,'2025-11-28 15:05:15','2025-11-28 15:05:15',NULL),(11,'On-Line UPS OL-4K (4KVA)','ol-4k-online-ups-catalog1','OL-4K','Professional On-Line UPS system with 4KVA capacity. Features double conversion SPWM technology, LCD display, and zero transfer time for critical applications.','<h2>On-Line UPS OL-4K - 4KVA</h2>\r\n        <p>Professional-grade On-Line UPS system with True Double Conversion technology, designed for critical applications requiring zero transfer time and continuous power protection.</p>\r\n        \r\n        <h3>Key Features:</h3>\r\n        <ul>\r\n            <li><strong>Technology:</strong> Double conversion SPWM technology</li>\r\n            <li><strong>Zero Transfer Time:</strong> 0 (zero) ms - Uninterrupted power supply</li>\r\n            <li><strong>LCD Display:</strong> LCD Display for real-time monitoring</li>\r\n            <li><strong>Pure Sine Wave Output:</strong> Pure sine wave for sensitive equipment</li>\r\n            <li><strong>High Efficiency:</strong> >85%</li>\r\n            <li><strong>Comprehensive Protection:</strong> Lightning, Transient/Spike, Surge, Sag, Black Out, Brown out, Flicker, Over voltage, Under voltage, Over Load, Short circuit, Battery over charge, Battery low(deep discharge) & Noise (EMI/RFI) as per International safety standard</li>\r\n            <li><strong>RS-232 Interface:</strong> Support RS 232 for UPS monitoring utility software. Provide power management & diagnostic functions including power status (Input/output voltage, frequency), Battery Low, Schedule UPS ON/OFF, Battery/load level display and more. Compatible with MS Dos, Windows 3.XX/95/98/XP/7/NT & Novell, etc.</li>\r\n        </ul>\r\n\r\n        <h3>Applications:</h3>\r\n        <ul>\r\n            <li>Server rooms and data centers</li>\r\n            <li>Medical equipment and healthcare facilities</li>\r\n            <li>Industrial automation systems</li>\r\n            <li>Telecommunications equipment</li>\r\n            <li>Critical business operations</li>\r\n            <li>Financial institutions</li>\r\n            <li>Security and surveillance systems</li>\r\n        </ul>\r\n\r\n        <h3>Technical Specifications:</h3>\r\n        <ul>\r\n            <li><strong>AC Input:</strong> 220V AC (Single phase) or 380V AC (Three phase), 25% 20%, 50/60 Hz 3 Hz</li>\r\n            <li><strong>AC Output:</strong> 110 V or 220 V (5% adjustable), Single Phase, 50/60 Hz</li>\r\n            <li><strong>Voltage Regulation:</strong> 1% or 2%</li>\r\n            <li><strong>Frequency Stability:</strong> 0.5%</li>\r\n            <li><strong>Power Factor:</strong> 0.7 ~ 1 (Lagging)</li>\r\n            <li><strong>Harmonic Distortion:</strong> <3% Of T.H.D at linear load</li>\r\n            <li><strong>Battery:</strong> Sealed lead acid battery, Maintenance free battery</li>\r\n            <li><strong>Charging Time:</strong> About 10 hours 90% after fully discharged</li>\r\n            <li><strong>Operating Environment:</strong> 10C - 60C, 20% - 90% (Non condensing)</li>\r\n            <li><strong>Noise Level:</strong> <55 dBA at 1m distance</li>\r\n        </ul>\r\n\r\n        <h3>Back-up Time Options:</h3>\r\n        <p>Available in multiple series (S, X, M, L, LL) with different back-up times:</p>\r\n        <ul>\r\n            <li><strong>Full Load:</strong> S: 15 min, X: 30 min, M: 60 min, L: 120 min, LL: 240 min</li>\r\n            <li><strong>Half Load:</strong> S: 30 min, X: 60 min, M: 120 min, L: 240 min, LL: 480 min</li>\r\n        </ul>\r\n\r\n        <p><strong>Note:</strong> Actual series will be indicated with each model depending on back-up time. Capacity and back-up time mentioned are for computer load. For any other application, please contact Micro Control Technology.</p>',NULL,NULL,NULL,'Contact for pricing',0,'{\"Model\": \"OL-4K\", \"Alarms\": {\"UPS Fault\": \"Continuous beeping sound\", \"Battery Discharge\": \"The first warning will beep every 4 seconds to indicate battery in use. The second warning will beep every 1 second to signal battery low condition\"}, \"Battery\": {\"Type\": \"Sealed lead acid battery, Maintenance free battery\", \"Charging Time\": \"About 10 hours 90% after fully discharged\"}, \"Display\": \"LCD Display\", \"AC Input\": {\"Voltage\": \"220V AC (Single phase) or 380V AC (Three phase), 25% 20%\", \"Frequency\": \"50/60 Hz 3 Hz\"}, \"Capacity\": \"4KVA\", \"AC Output\": {\"Voltage\": \"110 V or 220 V (5% adjustable), Single Phase\", \"Frequency\": \"50/60 Hz\", \"Wave Form\": \"Pure sine wave\", \"Power Factor\": \"0.7 ~ 1 (Lagging)\", \"Transient Response\": \"+4% for 100% instantaneous load variation, recovery to 1% of rated load within 2 ms\", \"Voltage Regulation\": \"1% or 2%\", \"Frequency Stability\": \"0.5%\", \"Harmonic Distortion\": \"<3% Of T.H.D at linear load\"}, \"Interface\": \"Support RS 232 for UPS monitoring utility software. Provide power management & diagnostic functions including power status (Input/output voltage, frequency), Battery Low, Schedule UPS ON/OFF, Battery/load level display and more. Compatible with MS Dos, Windows 3.XX/95/98/XP/7/NT & Novell, etc.\", \"Efficiency\": \">85%\", \"Indicators\": {\"Status\": \"Line input (green), Inverter output (green), Bypass (amber), Fault (red)\", \"Load Level\": \"5 green LEDs, 2 red LEDs and red LEDs indicate overload condition\", \"Battery Capacity\": \"5 green LEDs, 2 red LEDs and red LEDs indicate battery low condition\"}, \"Protection\": \"Lightning, Transient/Spike, Surge, Sag, Black Out, Brown out, Flicker, Over voltage, Under voltage, Over Load, Short circuit, Battery over charge, Battery low(deep discharge) & Noise (EMI/RFI) as per International safety standard\", \"Technology\": \"Double conversion SPWM technology\", \"Noise Level\": \"<55 dBA at 1m distance\", \"Transfer Time\": \"0 (zero) ms\", \"Overload Detection\": \"125% for 10 secs. and 150% for 10 cycles. Crest factor 3:1\", \"Back-up Time Options\": {\"Full Load\": \"S: 15 min, X: 30 min, M: 60 min, L: 120 min, LL: 240 min\", \"Half Load\": \"S: 30 min, X: 60 min, M: 120 min, L: 240 min, LL: 480 min\"}, \"Operating Environment\": {\"Humidity\": \"20% - 90% (Non condensing)\", \"Temperature\": \"10C - 60C\"}}','[{\"url\": \"/Product Report/On-Line Catalog1.pdf\", \"name\": \"On-Line Catalog 1\", \"type\": \"pdf\"}]','On-Line UPS OL-4K (4KVA) - Micro Control Technology','Professional On-Line UPS system OL-4K with 4KVA capacity. Double conversion SPWM technology, LCD display, zero transfer time. Ideal for servers, data centers, and critical applications.','online ups, OL-4K, 4KVA, double conversion, SPWM, LCD display, zero transfer time, UPS system, Micro Control Technology',NULL,1,0,NULL,4,'2025-11-28 15:05:15','2025-11-28 15:05:15',NULL),(12,'On-Line UPS OL-5K (5KVA)','ol-5k-online-ups-catalog1','OL-5K','Professional On-Line UPS system with 5KVA capacity. Features double conversion SPWM technology, LCD display, and zero transfer time for critical applications.','<h2>On-Line UPS OL-5K - 5KVA</h2>\r\n        <p>Professional-grade On-Line UPS system with True Double Conversion technology, designed for critical applications requiring zero transfer time and continuous power protection.</p>\r\n        \r\n        <h3>Key Features:</h3>\r\n        <ul>\r\n            <li><strong>Technology:</strong> Double conversion SPWM technology</li>\r\n            <li><strong>Zero Transfer Time:</strong> 0 (zero) ms - Uninterrupted power supply</li>\r\n            <li><strong>LCD Display:</strong> LCD Display for real-time monitoring</li>\r\n            <li><strong>Pure Sine Wave Output:</strong> Pure sine wave for sensitive equipment</li>\r\n            <li><strong>High Efficiency:</strong> >85%</li>\r\n            <li><strong>Comprehensive Protection:</strong> Lightning, Transient/Spike, Surge, Sag, Black Out, Brown out, Flicker, Over voltage, Under voltage, Over Load, Short circuit, Battery over charge, Battery low(deep discharge) & Noise (EMI/RFI) as per International safety standard</li>\r\n            <li><strong>RS-232 Interface:</strong> Support RS 232 for UPS monitoring utility software. Provide power management & diagnostic functions including power status (Input/output voltage, frequency), Battery Low, Schedule UPS ON/OFF, Battery/load level display and more. Compatible with MS Dos, Windows 3.XX/95/98/XP/7/NT & Novell, etc.</li>\r\n        </ul>\r\n\r\n        <h3>Applications:</h3>\r\n        <ul>\r\n            <li>Server rooms and data centers</li>\r\n            <li>Medical equipment and healthcare facilities</li>\r\n            <li>Industrial automation systems</li>\r\n            <li>Telecommunications equipment</li>\r\n            <li>Critical business operations</li>\r\n            <li>Financial institutions</li>\r\n            <li>Security and surveillance systems</li>\r\n        </ul>\r\n\r\n        <h3>Technical Specifications:</h3>\r\n        <ul>\r\n            <li><strong>AC Input:</strong> 220V AC (Single phase) or 380V AC (Three phase), 25% 20%, 50/60 Hz 3 Hz</li>\r\n            <li><strong>AC Output:</strong> 110 V or 220 V (5% adjustable), Single Phase, 50/60 Hz</li>\r\n            <li><strong>Voltage Regulation:</strong> 1% or 2%</li>\r\n            <li><strong>Frequency Stability:</strong> 0.5%</li>\r\n            <li><strong>Power Factor:</strong> 0.7 ~ 1 (Lagging)</li>\r\n            <li><strong>Harmonic Distortion:</strong> <3% Of T.H.D at linear load</li>\r\n            <li><strong>Battery:</strong> Sealed lead acid battery, Maintenance free battery</li>\r\n            <li><strong>Charging Time:</strong> About 10 hours 90% after fully discharged</li>\r\n            <li><strong>Operating Environment:</strong> 10C - 60C, 20% - 90% (Non condensing)</li>\r\n            <li><strong>Noise Level:</strong> <55 dBA at 1m distance</li>\r\n        </ul>\r\n\r\n        <h3>Back-up Time Options:</h3>\r\n        <p>Available in multiple series (S, X, M, L, LL) with different back-up times:</p>\r\n        <ul>\r\n            <li><strong>Full Load:</strong> S: 15 min, X: 30 min, M: 60 min, L: 120 min, LL: 240 min</li>\r\n            <li><strong>Half Load:</strong> S: 30 min, X: 60 min, M: 120 min, L: 240 min, LL: 480 min</li>\r\n        </ul>\r\n\r\n        <p><strong>Note:</strong> Actual series will be indicated with each model depending on back-up time. Capacity and back-up time mentioned are for computer load. For any other application, please contact Micro Control Technology.</p>',NULL,NULL,NULL,'Contact for pricing',0,'{\"Model\": \"OL-5K\", \"Alarms\": {\"UPS Fault\": \"Continuous beeping sound\", \"Battery Discharge\": \"The first warning will beep every 4 seconds to indicate battery in use. The second warning will beep every 1 second to signal battery low condition\"}, \"Battery\": {\"Type\": \"Sealed lead acid battery, Maintenance free battery\", \"Charging Time\": \"About 10 hours 90% after fully discharged\"}, \"Display\": \"LCD Display\", \"AC Input\": {\"Voltage\": \"220V AC (Single phase) or 380V AC (Three phase), 25% 20%\", \"Frequency\": \"50/60 Hz 3 Hz\"}, \"Capacity\": \"5KVA\", \"AC Output\": {\"Voltage\": \"110 V or 220 V (5% adjustable), Single Phase\", \"Frequency\": \"50/60 Hz\", \"Wave Form\": \"Pure sine wave\", \"Power Factor\": \"0.7 ~ 1 (Lagging)\", \"Transient Response\": \"+4% for 100% instantaneous load variation, recovery to 1% of rated load within 2 ms\", \"Voltage Regulation\": \"1% or 2%\", \"Frequency Stability\": \"0.5%\", \"Harmonic Distortion\": \"<3% Of T.H.D at linear load\"}, \"Interface\": \"Support RS 232 for UPS monitoring utility software. Provide power management & diagnostic functions including power status (Input/output voltage, frequency), Battery Low, Schedule UPS ON/OFF, Battery/load level display and more. Compatible with MS Dos, Windows 3.XX/95/98/XP/7/NT & Novell, etc.\", \"Efficiency\": \">85%\", \"Indicators\": {\"Status\": \"Line input (green), Inverter output (green), Bypass (amber), Fault (red)\", \"Load Level\": \"5 green LEDs, 2 red LEDs and red LEDs indicate overload condition\", \"Battery Capacity\": \"5 green LEDs, 2 red LEDs and red LEDs indicate battery low condition\"}, \"Protection\": \"Lightning, Transient/Spike, Surge, Sag, Black Out, Brown out, Flicker, Over voltage, Under voltage, Over Load, Short circuit, Battery over charge, Battery low(deep discharge) & Noise (EMI/RFI) as per International safety standard\", \"Technology\": \"Double conversion SPWM technology\", \"Noise Level\": \"<55 dBA at 1m distance\", \"Transfer Time\": \"0 (zero) ms\", \"Overload Detection\": \"125% for 10 secs. and 150% for 10 cycles. Crest factor 3:1\", \"Back-up Time Options\": {\"Full Load\": \"S: 15 min, X: 30 min, M: 60 min, L: 120 min, LL: 240 min\", \"Half Load\": \"S: 30 min, X: 60 min, M: 120 min, L: 240 min, LL: 480 min\"}, \"Operating Environment\": {\"Humidity\": \"20% - 90% (Non condensing)\", \"Temperature\": \"10C - 60C\"}}','[{\"url\": \"/Product Report/On-Line Catalog1.pdf\", \"name\": \"On-Line Catalog 1\", \"type\": \"pdf\"}]','On-Line UPS OL-5K (5KVA) - Micro Control Technology','Professional On-Line UPS system OL-5K with 5KVA capacity. Double conversion SPWM technology, LCD display, zero transfer time. Ideal for servers, data centers, and critical applications.','online ups, OL-5K, 5KVA, double conversion, SPWM, LCD display, zero transfer time, UPS system, Micro Control Technology',NULL,1,0,NULL,5,'2025-11-28 15:05:15','2025-11-28 15:05:15',NULL),(13,'On-Line UPS OL-6K (6KVA)','ol-6k-online-ups-catalog1','OL-6K','Professional On-Line UPS system with 6KVA capacity. Features double conversion SPWM technology, LCD display, and zero transfer time for critical applications.','<h2>On-Line UPS OL-6K - 6KVA</h2>\r\n        <p>Professional-grade On-Line UPS system with True Double Conversion technology, designed for critical applications requiring zero transfer time and continuous power protection.</p>\r\n        \r\n        <h3>Key Features:</h3>\r\n        <ul>\r\n            <li><strong>Technology:</strong> Double conversion SPWM technology</li>\r\n            <li><strong>Zero Transfer Time:</strong> 0 (zero) ms - Uninterrupted power supply</li>\r\n            <li><strong>LCD Display:</strong> LCD Display for real-time monitoring</li>\r\n            <li><strong>Pure Sine Wave Output:</strong> Pure sine wave for sensitive equipment</li>\r\n            <li><strong>High Efficiency:</strong> >85%</li>\r\n            <li><strong>Comprehensive Protection:</strong> Lightning, Transient/Spike, Surge, Sag, Black Out, Brown out, Flicker, Over voltage, Under voltage, Over Load, Short circuit, Battery over charge, Battery low(deep discharge) & Noise (EMI/RFI) as per International safety standard</li>\r\n            <li><strong>RS-232 Interface:</strong> Support RS 232 for UPS monitoring utility software. Provide power management & diagnostic functions including power status (Input/output voltage, frequency), Battery Low, Schedule UPS ON/OFF, Battery/load level display and more. Compatible with MS Dos, Windows 3.XX/95/98/XP/7/NT & Novell, etc.</li>\r\n        </ul>\r\n\r\n        <h3>Applications:</h3>\r\n        <ul>\r\n            <li>Server rooms and data centers</li>\r\n            <li>Medical equipment and healthcare facilities</li>\r\n            <li>Industrial automation systems</li>\r\n            <li>Telecommunications equipment</li>\r\n            <li>Critical business operations</li>\r\n            <li>Financial institutions</li>\r\n            <li>Security and surveillance systems</li>\r\n        </ul>\r\n\r\n        <h3>Technical Specifications:</h3>\r\n        <ul>\r\n            <li><strong>AC Input:</strong> 220V AC (Single phase) or 380V AC (Three phase), 25% 20%, 50/60 Hz 3 Hz</li>\r\n            <li><strong>AC Output:</strong> 110 V or 220 V (5% adjustable), Single Phase, 50/60 Hz</li>\r\n            <li><strong>Voltage Regulation:</strong> 1% or 2%</li>\r\n            <li><strong>Frequency Stability:</strong> 0.5%</li>\r\n            <li><strong>Power Factor:</strong> 0.7 ~ 1 (Lagging)</li>\r\n            <li><strong>Harmonic Distortion:</strong> <3% Of T.H.D at linear load</li>\r\n            <li><strong>Battery:</strong> Sealed lead acid battery, Maintenance free battery</li>\r\n            <li><strong>Charging Time:</strong> About 10 hours 90% after fully discharged</li>\r\n            <li><strong>Operating Environment:</strong> 10C - 60C, 20% - 90% (Non condensing)</li>\r\n            <li><strong>Noise Level:</strong> <55 dBA at 1m distance</li>\r\n        </ul>\r\n\r\n        <h3>Back-up Time Options:</h3>\r\n        <p>Available in multiple series (S, X, M, L, LL) with different back-up times:</p>\r\n        <ul>\r\n            <li><strong>Full Load:</strong> S: 15 min, X: 30 min, M: 60 min, L: 120 min, LL: 240 min</li>\r\n            <li><strong>Half Load:</strong> S: 30 min, X: 60 min, M: 120 min, L: 240 min, LL: 480 min</li>\r\n        </ul>\r\n\r\n        <p><strong>Note:</strong> Actual series will be indicated with each model depending on back-up time. Capacity and back-up time mentioned are for computer load. For any other application, please contact Micro Control Technology.</p>',NULL,NULL,NULL,'Contact for pricing',0,'{\"Model\": \"OL-6K\", \"Alarms\": {\"UPS Fault\": \"Continuous beeping sound\", \"Battery Discharge\": \"The first warning will beep every 4 seconds to indicate battery in use. The second warning will beep every 1 second to signal battery low condition\"}, \"Battery\": {\"Type\": \"Sealed lead acid battery, Maintenance free battery\", \"Charging Time\": \"About 10 hours 90% after fully discharged\"}, \"Display\": \"LCD Display\", \"AC Input\": {\"Voltage\": \"220V AC (Single phase) or 380V AC (Three phase), 25% 20%\", \"Frequency\": \"50/60 Hz 3 Hz\"}, \"Capacity\": \"6KVA\", \"AC Output\": {\"Voltage\": \"110 V or 220 V (5% adjustable), Single Phase\", \"Frequency\": \"50/60 Hz\", \"Wave Form\": \"Pure sine wave\", \"Power Factor\": \"0.7 ~ 1 (Lagging)\", \"Transient Response\": \"+4% for 100% instantaneous load variation, recovery to 1% of rated load within 2 ms\", \"Voltage Regulation\": \"1% or 2%\", \"Frequency Stability\": \"0.5%\", \"Harmonic Distortion\": \"<3% Of T.H.D at linear load\"}, \"Interface\": \"Support RS 232 for UPS monitoring utility software. Provide power management & diagnostic functions including power status (Input/output voltage, frequency), Battery Low, Schedule UPS ON/OFF, Battery/load level display and more. Compatible with MS Dos, Windows 3.XX/95/98/XP/7/NT & Novell, etc.\", \"Efficiency\": \">85%\", \"Indicators\": {\"Status\": \"Line input (green), Inverter output (green), Bypass (amber), Fault (red)\", \"Load Level\": \"5 green LEDs, 2 red LEDs and red LEDs indicate overload condition\", \"Battery Capacity\": \"5 green LEDs, 2 red LEDs and red LEDs indicate battery low condition\"}, \"Protection\": \"Lightning, Transient/Spike, Surge, Sag, Black Out, Brown out, Flicker, Over voltage, Under voltage, Over Load, Short circuit, Battery over charge, Battery low(deep discharge) & Noise (EMI/RFI) as per International safety standard\", \"Technology\": \"Double conversion SPWM technology\", \"Noise Level\": \"<55 dBA at 1m distance\", \"Transfer Time\": \"0 (zero) ms\", \"Overload Detection\": \"125% for 10 secs. and 150% for 10 cycles. Crest factor 3:1\", \"Back-up Time Options\": {\"Full Load\": \"S: 15 min, X: 30 min, M: 60 min, L: 120 min, LL: 240 min\", \"Half Load\": \"S: 30 min, X: 60 min, M: 120 min, L: 240 min, LL: 480 min\"}, \"Operating Environment\": {\"Humidity\": \"20% - 90% (Non condensing)\", \"Temperature\": \"10C - 60C\"}}','[{\"url\": \"/Product Report/On-Line Catalog1.pdf\", \"name\": \"On-Line Catalog 1\", \"type\": \"pdf\"}]','On-Line UPS OL-6K (6KVA) - Micro Control Technology','Professional On-Line UPS system OL-6K with 6KVA capacity. Double conversion SPWM technology, LCD display, zero transfer time. Ideal for servers, data centers, and critical applications.','online ups, OL-6K, 6KVA, double conversion, SPWM, LCD display, zero transfer time, UPS system, Micro Control Technology',NULL,1,0,NULL,6,'2025-11-28 15:05:15','2025-11-28 15:05:15',NULL),(14,'On-Line UPS OL-7.5K (7.5KVA)','ol-75k-online-ups-catalog1','OL-7.5K','Professional On-Line UPS system with 7.5KVA capacity. Features double conversion SPWM technology, LCD display, and zero transfer time for critical applications.','<h2>On-Line UPS OL-7.5K - 7.5KVA</h2>\r\n        <p>Professional-grade On-Line UPS system with True Double Conversion technology, designed for critical applications requiring zero transfer time and continuous power protection.</p>\r\n        \r\n        <h3>Key Features:</h3>\r\n        <ul>\r\n            <li><strong>Technology:</strong> Double conversion SPWM technology</li>\r\n            <li><strong>Zero Transfer Time:</strong> 0 (zero) ms - Uninterrupted power supply</li>\r\n            <li><strong>LCD Display:</strong> LCD Display for real-time monitoring</li>\r\n            <li><strong>Pure Sine Wave Output:</strong> Pure sine wave for sensitive equipment</li>\r\n            <li><strong>High Efficiency:</strong> >85%</li>\r\n            <li><strong>Comprehensive Protection:</strong> Lightning, Transient/Spike, Surge, Sag, Black Out, Brown out, Flicker, Over voltage, Under voltage, Over Load, Short circuit, Battery over charge, Battery low(deep discharge) & Noise (EMI/RFI) as per International safety standard</li>\r\n            <li><strong>RS-232 Interface:</strong> Support RS 232 for UPS monitoring utility software. Provide power management & diagnostic functions including power status (Input/output voltage, frequency), Battery Low, Schedule UPS ON/OFF, Battery/load level display and more. Compatible with MS Dos, Windows 3.XX/95/98/XP/7/NT & Novell, etc.</li>\r\n        </ul>\r\n\r\n        <h3>Applications:</h3>\r\n        <ul>\r\n            <li>Server rooms and data centers</li>\r\n            <li>Medical equipment and healthcare facilities</li>\r\n            <li>Industrial automation systems</li>\r\n            <li>Telecommunications equipment</li>\r\n            <li>Critical business operations</li>\r\n            <li>Financial institutions</li>\r\n            <li>Security and surveillance systems</li>\r\n        </ul>\r\n\r\n        <h3>Technical Specifications:</h3>\r\n        <ul>\r\n            <li><strong>AC Input:</strong> 220V AC (Single phase) or 380V AC (Three phase), 25% 20%, 50/60 Hz 3 Hz</li>\r\n            <li><strong>AC Output:</strong> 110 V or 220 V (5% adjustable), Single Phase, 50/60 Hz</li>\r\n            <li><strong>Voltage Regulation:</strong> 1% or 2%</li>\r\n            <li><strong>Frequency Stability:</strong> 0.5%</li>\r\n            <li><strong>Power Factor:</strong> 0.7 ~ 1 (Lagging)</li>\r\n            <li><strong>Harmonic Distortion:</strong> <3% Of T.H.D at linear load</li>\r\n            <li><strong>Battery:</strong> Sealed lead acid battery, Maintenance free battery</li>\r\n            <li><strong>Charging Time:</strong> About 10 hours 90% after fully discharged</li>\r\n            <li><strong>Operating Environment:</strong> 10C - 60C, 20% - 90% (Non condensing)</li>\r\n            <li><strong>Noise Level:</strong> <55 dBA at 1m distance</li>\r\n        </ul>\r\n\r\n        <h3>Back-up Time Options:</h3>\r\n        <p>Available in multiple series (S, X, M, L, LL) with different back-up times:</p>\r\n        <ul>\r\n            <li><strong>Full Load:</strong> S: 15 min, X: 30 min, M: 60 min, L: 120 min, LL: 240 min</li>\r\n            <li><strong>Half Load:</strong> S: 30 min, X: 60 min, M: 120 min, L: 240 min, LL: 480 min</li>\r\n        </ul>\r\n\r\n        <p><strong>Note:</strong> Actual series will be indicated with each model depending on back-up time. Capacity and back-up time mentioned are for computer load. For any other application, please contact Micro Control Technology.</p>',NULL,NULL,NULL,'Contact for pricing',0,'{\"Model\": \"OL-7.5K\", \"Alarms\": {\"UPS Fault\": \"Continuous beeping sound\", \"Battery Discharge\": \"The first warning will beep every 4 seconds to indicate battery in use. The second warning will beep every 1 second to signal battery low condition\"}, \"Battery\": {\"Type\": \"Sealed lead acid battery, Maintenance free battery\", \"Charging Time\": \"About 10 hours 90% after fully discharged\"}, \"Display\": \"LCD Display\", \"AC Input\": {\"Voltage\": \"220V AC (Single phase) or 380V AC (Three phase), 25% 20%\", \"Frequency\": \"50/60 Hz 3 Hz\"}, \"Capacity\": \"7.5KVA\", \"AC Output\": {\"Voltage\": \"110 V or 220 V (5% adjustable), Single Phase\", \"Frequency\": \"50/60 Hz\", \"Wave Form\": \"Pure sine wave\", \"Power Factor\": \"0.7 ~ 1 (Lagging)\", \"Transient Response\": \"+4% for 100% instantaneous load variation, recovery to 1% of rated load within 2 ms\", \"Voltage Regulation\": \"1% or 2%\", \"Frequency Stability\": \"0.5%\", \"Harmonic Distortion\": \"<3% Of T.H.D at linear load\"}, \"Interface\": \"Support RS 232 for UPS monitoring utility software. Provide power management & diagnostic functions including power status (Input/output voltage, frequency), Battery Low, Schedule UPS ON/OFF, Battery/load level display and more. Compatible with MS Dos, Windows 3.XX/95/98/XP/7/NT & Novell, etc.\", \"Efficiency\": \">85%\", \"Indicators\": {\"Status\": \"Line input (green), Inverter output (green), Bypass (amber), Fault (red)\", \"Load Level\": \"5 green LEDs, 2 red LEDs and red LEDs indicate overload condition\", \"Battery Capacity\": \"5 green LEDs, 2 red LEDs and red LEDs indicate battery low condition\"}, \"Protection\": \"Lightning, Transient/Spike, Surge, Sag, Black Out, Brown out, Flicker, Over voltage, Under voltage, Over Load, Short circuit, Battery over charge, Battery low(deep discharge) & Noise (EMI/RFI) as per International safety standard\", \"Technology\": \"Double conversion SPWM technology\", \"Noise Level\": \"<55 dBA at 1m distance\", \"Transfer Time\": \"0 (zero) ms\", \"Overload Detection\": \"125% for 10 secs. and 150% for 10 cycles. Crest factor 3:1\", \"Back-up Time Options\": {\"Full Load\": \"S: 15 min, X: 30 min, M: 60 min, L: 120 min, LL: 240 min\", \"Half Load\": \"S: 30 min, X: 60 min, M: 120 min, L: 240 min, LL: 480 min\"}, \"Operating Environment\": {\"Humidity\": \"20% - 90% (Non condensing)\", \"Temperature\": \"10C - 60C\"}}','[{\"url\": \"/Product Report/On-Line Catalog1.pdf\", \"name\": \"On-Line Catalog 1\", \"type\": \"pdf\"}]','On-Line UPS OL-7.5K (7.5KVA) - Micro Control Technology','Professional On-Line UPS system OL-7.5K with 7.5KVA capacity. Double conversion SPWM technology, LCD display, zero transfer time. Ideal for servers, data centers, and critical applications.','online ups, OL-7.5K, 7.5KVA, double conversion, SPWM, LCD display, zero transfer time, UPS system, Micro Control Technology',NULL,1,0,NULL,7,'2025-11-28 15:05:15','2025-11-28 15:05:15',NULL),(15,'On-Line UPS OL-10K (10KVA)','ol-10k-online-ups-catalog1','OL-10K','Professional On-Line UPS system with 10KVA capacity. Features double conversion SPWM technology, LCD display, and zero transfer time for critical applications.','<h2>On-Line UPS OL-10K - 10KVA</h2>\r\n        <p>Professional-grade On-Line UPS system with True Double Conversion technology, designed for critical applications requiring zero transfer time and continuous power protection.</p>\r\n        \r\n        <h3>Key Features:</h3>\r\n        <ul>\r\n            <li><strong>Technology:</strong> Double conversion SPWM technology</li>\r\n            <li><strong>Zero Transfer Time:</strong> 0 (zero) ms - Uninterrupted power supply</li>\r\n            <li><strong>LCD Display:</strong> LCD Display for real-time monitoring</li>\r\n            <li><strong>Pure Sine Wave Output:</strong> Pure sine wave for sensitive equipment</li>\r\n            <li><strong>High Efficiency:</strong> >85%</li>\r\n            <li><strong>Comprehensive Protection:</strong> Lightning, Transient/Spike, Surge, Sag, Black Out, Brown out, Flicker, Over voltage, Under voltage, Over Load, Short circuit, Battery over charge, Battery low(deep discharge) & Noise (EMI/RFI) as per International safety standard</li>\r\n            <li><strong>RS-232 Interface:</strong> Support RS 232 for UPS monitoring utility software. Provide power management & diagnostic functions including power status (Input/output voltage, frequency), Battery Low, Schedule UPS ON/OFF, Battery/load level display and more. Compatible with MS Dos, Windows 3.XX/95/98/XP/7/NT & Novell, etc.</li>\r\n        </ul>\r\n\r\n        <h3>Applications:</h3>\r\n        <ul>\r\n            <li>Server rooms and data centers</li>\r\n            <li>Medical equipment and healthcare facilities</li>\r\n            <li>Industrial automation systems</li>\r\n            <li>Telecommunications equipment</li>\r\n            <li>Critical business operations</li>\r\n            <li>Financial institutions</li>\r\n            <li>Security and surveillance systems</li>\r\n        </ul>\r\n\r\n        <h3>Technical Specifications:</h3>\r\n        <ul>\r\n            <li><strong>AC Input:</strong> 220V AC (Single phase) or 380V AC (Three phase), 25% 20%, 50/60 Hz 3 Hz</li>\r\n            <li><strong>AC Output:</strong> 110 V or 220 V (5% adjustable), Single Phase, 50/60 Hz</li>\r\n            <li><strong>Voltage Regulation:</strong> 1% or 2%</li>\r\n            <li><strong>Frequency Stability:</strong> 0.5%</li>\r\n            <li><strong>Power Factor:</strong> 0.7 ~ 1 (Lagging)</li>\r\n            <li><strong>Harmonic Distortion:</strong> <3% Of T.H.D at linear load</li>\r\n            <li><strong>Battery:</strong> Sealed lead acid battery, Maintenance free battery</li>\r\n            <li><strong>Charging Time:</strong> About 10 hours 90% after fully discharged</li>\r\n            <li><strong>Operating Environment:</strong> 10C - 60C, 20% - 90% (Non condensing)</li>\r\n            <li><strong>Noise Level:</strong> <55 dBA at 1m distance</li>\r\n        </ul>\r\n\r\n        <h3>Back-up Time Options:</h3>\r\n        <p>Available in multiple series (S, X, M, L, LL) with different back-up times:</p>\r\n        <ul>\r\n            <li><strong>Full Load:</strong> S: 15 min, X: 30 min, M: 60 min, L: 120 min, LL: 240 min</li>\r\n            <li><strong>Half Load:</strong> S: 30 min, X: 60 min, M: 120 min, L: 240 min, LL: 480 min</li>\r\n        </ul>\r\n\r\n        <p><strong>Note:</strong> Actual series will be indicated with each model depending on back-up time. Capacity and back-up time mentioned are for computer load. For any other application, please contact Micro Control Technology.</p>',NULL,NULL,NULL,'Contact for pricing',0,'{\"Model\": \"OL-10K\", \"Alarms\": {\"UPS Fault\": \"Continuous beeping sound\", \"Battery Discharge\": \"The first warning will beep every 4 seconds to indicate battery in use. The second warning will beep every 1 second to signal battery low condition\"}, \"Battery\": {\"Type\": \"Sealed lead acid battery, Maintenance free battery\", \"Charging Time\": \"About 10 hours 90% after fully discharged\"}, \"Display\": \"LCD Display\", \"AC Input\": {\"Voltage\": \"220V AC (Single phase) or 380V AC (Three phase), 25% 20%\", \"Frequency\": \"50/60 Hz 3 Hz\"}, \"Capacity\": \"10KVA\", \"AC Output\": {\"Voltage\": \"110 V or 220 V (5% adjustable), Single Phase\", \"Frequency\": \"50/60 Hz\", \"Wave Form\": \"Pure sine wave\", \"Power Factor\": \"0.7 ~ 1 (Lagging)\", \"Transient Response\": \"+4% for 100% instantaneous load variation, recovery to 1% of rated load within 2 ms\", \"Voltage Regulation\": \"1% or 2%\", \"Frequency Stability\": \"0.5%\", \"Harmonic Distortion\": \"<3% Of T.H.D at linear load\"}, \"Interface\": \"Support RS 232 for UPS monitoring utility software. Provide power management & diagnostic functions including power status (Input/output voltage, frequency), Battery Low, Schedule UPS ON/OFF, Battery/load level display and more. Compatible with MS Dos, Windows 3.XX/95/98/XP/7/NT & Novell, etc.\", \"Efficiency\": \">85%\", \"Indicators\": {\"Status\": \"Line input (green), Inverter output (green), Bypass (amber), Fault (red)\", \"Load Level\": \"5 green LEDs, 2 red LEDs and red LEDs indicate overload condition\", \"Battery Capacity\": \"5 green LEDs, 2 red LEDs and red LEDs indicate battery low condition\"}, \"Protection\": \"Lightning, Transient/Spike, Surge, Sag, Black Out, Brown out, Flicker, Over voltage, Under voltage, Over Load, Short circuit, Battery over charge, Battery low(deep discharge) & Noise (EMI/RFI) as per International safety standard\", \"Technology\": \"Double conversion SPWM technology\", \"Noise Level\": \"<55 dBA at 1m distance\", \"Transfer Time\": \"0 (zero) ms\", \"Overload Detection\": \"125% for 10 secs. and 150% for 10 cycles. Crest factor 3:1\", \"Back-up Time Options\": {\"Full Load\": \"S: 15 min, X: 30 min, M: 60 min, L: 120 min, LL: 240 min\", \"Half Load\": \"S: 30 min, X: 60 min, M: 120 min, L: 240 min, LL: 480 min\"}, \"Operating Environment\": {\"Humidity\": \"20% - 90% (Non condensing)\", \"Temperature\": \"10C - 60C\"}}','[{\"url\": \"/Product Report/On-Line Catalog1.pdf\", \"name\": \"On-Line Catalog 1\", \"type\": \"pdf\"}]','On-Line UPS OL-10K (10KVA) - Micro Control Technology','Professional On-Line UPS system OL-10K with 10KVA capacity. Double conversion SPWM technology, LCD display, zero transfer time. Ideal for servers, data centers, and critical applications.','online ups, OL-10K, 10KVA, double conversion, SPWM, LCD display, zero transfer time, UPS system, Micro Control Technology',NULL,1,0,NULL,8,'2025-11-28 15:05:15','2025-11-28 15:05:15',NULL),(16,'On-Line UPS OL-15K (15KVA)','ol-15k-online-ups-catalog1','OL-15K','Professional On-Line UPS system with 15KVA capacity. Features double conversion SPWM technology, LCD display, and zero transfer time for critical applications.','<h2>On-Line UPS OL-15K - 15KVA</h2>\r\n        <p>Professional-grade On-Line UPS system with True Double Conversion technology, designed for critical applications requiring zero transfer time and continuous power protection.</p>\r\n        \r\n        <h3>Key Features:</h3>\r\n        <ul>\r\n            <li><strong>Technology:</strong> Double conversion SPWM technology</li>\r\n            <li><strong>Zero Transfer Time:</strong> 0 (zero) ms - Uninterrupted power supply</li>\r\n            <li><strong>LCD Display:</strong> LCD Display for real-time monitoring</li>\r\n            <li><strong>Pure Sine Wave Output:</strong> Pure sine wave for sensitive equipment</li>\r\n            <li><strong>High Efficiency:</strong> >85%</li>\r\n            <li><strong>Comprehensive Protection:</strong> Lightning, Transient/Spike, Surge, Sag, Black Out, Brown out, Flicker, Over voltage, Under voltage, Over Load, Short circuit, Battery over charge, Battery low(deep discharge) & Noise (EMI/RFI) as per International safety standard</li>\r\n            <li><strong>RS-232 Interface:</strong> Support RS 232 for UPS monitoring utility software. Provide power management & diagnostic functions including power status (Input/output voltage, frequency), Battery Low, Schedule UPS ON/OFF, Battery/load level display and more. Compatible with MS Dos, Windows 3.XX/95/98/XP/7/NT & Novell, etc.</li>\r\n        </ul>\r\n\r\n        <h3>Applications:</h3>\r\n        <ul>\r\n            <li>Server rooms and data centers</li>\r\n            <li>Medical equipment and healthcare facilities</li>\r\n            <li>Industrial automation systems</li>\r\n            <li>Telecommunications equipment</li>\r\n            <li>Critical business operations</li>\r\n            <li>Financial institutions</li>\r\n            <li>Security and surveillance systems</li>\r\n        </ul>\r\n\r\n        <h3>Technical Specifications:</h3>\r\n        <ul>\r\n            <li><strong>AC Input:</strong> 220V AC (Single phase) or 380V AC (Three phase), 25% 20%, 50/60 Hz 3 Hz</li>\r\n            <li><strong>AC Output:</strong> 110 V or 220 V (5% adjustable), Single Phase, 50/60 Hz</li>\r\n            <li><strong>Voltage Regulation:</strong> 1% or 2%</li>\r\n            <li><strong>Frequency Stability:</strong> 0.5%</li>\r\n            <li><strong>Power Factor:</strong> 0.7 ~ 1 (Lagging)</li>\r\n            <li><strong>Harmonic Distortion:</strong> <3% Of T.H.D at linear load</li>\r\n            <li><strong>Battery:</strong> Sealed lead acid battery, Maintenance free battery</li>\r\n            <li><strong>Charging Time:</strong> About 10 hours 90% after fully discharged</li>\r\n            <li><strong>Operating Environment:</strong> 10C - 60C, 20% - 90% (Non condensing)</li>\r\n            <li><strong>Noise Level:</strong> <55 dBA at 1m distance</li>\r\n        </ul>\r\n\r\n        <h3>Back-up Time Options:</h3>\r\n        <p>Available in multiple series (S, X, M, L, LL) with different back-up times:</p>\r\n        <ul>\r\n            <li><strong>Full Load:</strong> S: 15 min, X: 30 min, M: 60 min, L: 120 min, LL: 240 min</li>\r\n            <li><strong>Half Load:</strong> S: 30 min, X: 60 min, M: 120 min, L: 240 min, LL: 480 min</li>\r\n        </ul>\r\n\r\n        <p><strong>Note:</strong> Actual series will be indicated with each model depending on back-up time. Capacity and back-up time mentioned are for computer load. For any other application, please contact Micro Control Technology.</p>',NULL,NULL,NULL,'Contact for pricing',0,'{\"Model\": \"OL-15K\", \"Alarms\": {\"UPS Fault\": \"Continuous beeping sound\", \"Battery Discharge\": \"The first warning will beep every 4 seconds to indicate battery in use. The second warning will beep every 1 second to signal battery low condition\"}, \"Battery\": {\"Type\": \"Sealed lead acid battery, Maintenance free battery\", \"Charging Time\": \"About 10 hours 90% after fully discharged\"}, \"Display\": \"LCD Display\", \"AC Input\": {\"Voltage\": \"220V AC (Single phase) or 380V AC (Three phase), 25% 20%\", \"Frequency\": \"50/60 Hz 3 Hz\"}, \"Capacity\": \"15KVA\", \"AC Output\": {\"Voltage\": \"110 V or 220 V (5% adjustable), Single Phase\", \"Frequency\": \"50/60 Hz\", \"Wave Form\": \"Pure sine wave\", \"Power Factor\": \"0.7 ~ 1 (Lagging)\", \"Transient Response\": \"+4% for 100% instantaneous load variation, recovery to 1% of rated load within 2 ms\", \"Voltage Regulation\": \"1% or 2%\", \"Frequency Stability\": \"0.5%\", \"Harmonic Distortion\": \"<3% Of T.H.D at linear load\"}, \"Interface\": \"Support RS 232 for UPS monitoring utility software. Provide power management & diagnostic functions including power status (Input/output voltage, frequency), Battery Low, Schedule UPS ON/OFF, Battery/load level display and more. Compatible with MS Dos, Windows 3.XX/95/98/XP/7/NT & Novell, etc.\", \"Efficiency\": \">85%\", \"Indicators\": {\"Status\": \"Line input (green), Inverter output (green), Bypass (amber), Fault (red)\", \"Load Level\": \"5 green LEDs, 2 red LEDs and red LEDs indicate overload condition\", \"Battery Capacity\": \"5 green LEDs, 2 red LEDs and red LEDs indicate battery low condition\"}, \"Protection\": \"Lightning, Transient/Spike, Surge, Sag, Black Out, Brown out, Flicker, Over voltage, Under voltage, Over Load, Short circuit, Battery over charge, Battery low(deep discharge) & Noise (EMI/RFI) as per International safety standard\", \"Technology\": \"Double conversion SPWM technology\", \"Noise Level\": \"<55 dBA at 1m distance\", \"Transfer Time\": \"0 (zero) ms\", \"Overload Detection\": \"125% for 10 secs. and 150% for 10 cycles. Crest factor 3:1\", \"Back-up Time Options\": {\"Full Load\": \"S: 15 min, X: 30 min, M: 60 min, L: 120 min, LL: 240 min\", \"Half Load\": \"S: 30 min, X: 60 min, M: 120 min, L: 240 min, LL: 480 min\"}, \"Operating Environment\": {\"Humidity\": \"20% - 90% (Non condensing)\", \"Temperature\": \"10C - 60C\"}}','[{\"url\": \"/Product Report/On-Line Catalog1.pdf\", \"name\": \"On-Line Catalog 1\", \"type\": \"pdf\"}]','On-Line UPS OL-15K (15KVA) - Micro Control Technology','Professional On-Line UPS system OL-15K with 15KVA capacity. Double conversion SPWM technology, LCD display, zero transfer time. Ideal for servers, data centers, and critical applications.','online ups, OL-15K, 15KVA, double conversion, SPWM, LCD display, zero transfer time, UPS system, Micro Control Technology',NULL,1,0,NULL,9,'2025-11-28 15:05:15','2025-11-28 15:05:15',NULL),(17,'On-Line UPS OL-20K (20KVA)','ol-20k-online-ups-catalog1','OL-20K','Professional On-Line UPS system with 20KVA capacity. Features double conversion SPWM technology, LCD display, and zero transfer time for critical applications.','<h2>On-Line UPS OL-20K - 20KVA</h2>\r\n        <p>Professional-grade On-Line UPS system with True Double Conversion technology, designed for critical applications requiring zero transfer time and continuous power protection.</p>\r\n        \r\n        <h3>Key Features:</h3>\r\n        <ul>\r\n            <li><strong>Technology:</strong> Double conversion SPWM technology</li>\r\n            <li><strong>Zero Transfer Time:</strong> 0 (zero) ms - Uninterrupted power supply</li>\r\n            <li><strong>LCD Display:</strong> LCD Display for real-time monitoring</li>\r\n            <li><strong>Pure Sine Wave Output:</strong> Pure sine wave for sensitive equipment</li>\r\n            <li><strong>High Efficiency:</strong> >85%</li>\r\n            <li><strong>Comprehensive Protection:</strong> Lightning, Transient/Spike, Surge, Sag, Black Out, Brown out, Flicker, Over voltage, Under voltage, Over Load, Short circuit, Battery over charge, Battery low(deep discharge) & Noise (EMI/RFI) as per International safety standard</li>\r\n            <li><strong>RS-232 Interface:</strong> Support RS 232 for UPS monitoring utility software. Provide power management & diagnostic functions including power status (Input/output voltage, frequency), Battery Low, Schedule UPS ON/OFF, Battery/load level display and more. Compatible with MS Dos, Windows 3.XX/95/98/XP/7/NT & Novell, etc.</li>\r\n        </ul>\r\n\r\n        <h3>Applications:</h3>\r\n        <ul>\r\n            <li>Server rooms and data centers</li>\r\n            <li>Medical equipment and healthcare facilities</li>\r\n            <li>Industrial automation systems</li>\r\n            <li>Telecommunications equipment</li>\r\n            <li>Critical business operations</li>\r\n            <li>Financial institutions</li>\r\n            <li>Security and surveillance systems</li>\r\n        </ul>\r\n\r\n        <h3>Technical Specifications:</h3>\r\n        <ul>\r\n            <li><strong>AC Input:</strong> 220V AC (Single phase) or 380V AC (Three phase), 25% 20%, 50/60 Hz 3 Hz</li>\r\n            <li><strong>AC Output:</strong> 110 V or 220 V (5% adjustable), Single Phase, 50/60 Hz</li>\r\n            <li><strong>Voltage Regulation:</strong> 1% or 2%</li>\r\n            <li><strong>Frequency Stability:</strong> 0.5%</li>\r\n            <li><strong>Power Factor:</strong> 0.7 ~ 1 (Lagging)</li>\r\n            <li><strong>Harmonic Distortion:</strong> <3% Of T.H.D at linear load</li>\r\n            <li><strong>Battery:</strong> Sealed lead acid battery, Maintenance free battery</li>\r\n            <li><strong>Charging Time:</strong> About 10 hours 90% after fully discharged</li>\r\n            <li><strong>Operating Environment:</strong> 10C - 60C, 20% - 90% (Non condensing)</li>\r\n            <li><strong>Noise Level:</strong> <55 dBA at 1m distance</li>\r\n        </ul>\r\n\r\n        <h3>Back-up Time Options:</h3>\r\n        <p>Available in multiple series (S, X, M, L, LL) with different back-up times:</p>\r\n        <ul>\r\n            <li><strong>Full Load:</strong> S: 15 min, X: 30 min, M: 60 min, L: 120 min, LL: 240 min</li>\r\n            <li><strong>Half Load:</strong> S: 30 min, X: 60 min, M: 120 min, L: 240 min, LL: 480 min</li>\r\n        </ul>\r\n\r\n        <p><strong>Note:</strong> Actual series will be indicated with each model depending on back-up time. Capacity and back-up time mentioned are for computer load. For any other application, please contact Micro Control Technology.</p>',NULL,NULL,NULL,'Contact for pricing',0,'{\"Model\": \"OL-20K\", \"Alarms\": {\"UPS Fault\": \"Continuous beeping sound\", \"Battery Discharge\": \"The first warning will beep every 4 seconds to indicate battery in use. The second warning will beep every 1 second to signal battery low condition\"}, \"Battery\": {\"Type\": \"Sealed lead acid battery, Maintenance free battery\", \"Charging Time\": \"About 10 hours 90% after fully discharged\"}, \"Display\": \"LCD Display\", \"AC Input\": {\"Voltage\": \"220V AC (Single phase) or 380V AC (Three phase), 25% 20%\", \"Frequency\": \"50/60 Hz 3 Hz\"}, \"Capacity\": \"20KVA\", \"AC Output\": {\"Voltage\": \"110 V or 220 V (5% adjustable), Single Phase\", \"Frequency\": \"50/60 Hz\", \"Wave Form\": \"Pure sine wave\", \"Power Factor\": \"0.7 ~ 1 (Lagging)\", \"Transient Response\": \"+4% for 100% instantaneous load variation, recovery to 1% of rated load within 2 ms\", \"Voltage Regulation\": \"1% or 2%\", \"Frequency Stability\": \"0.5%\", \"Harmonic Distortion\": \"<3% Of T.H.D at linear load\"}, \"Interface\": \"Support RS 232 for UPS monitoring utility software. Provide power management & diagnostic functions including power status (Input/output voltage, frequency), Battery Low, Schedule UPS ON/OFF, Battery/load level display and more. Compatible with MS Dos, Windows 3.XX/95/98/XP/7/NT & Novell, etc.\", \"Efficiency\": \">85%\", \"Indicators\": {\"Status\": \"Line input (green), Inverter output (green), Bypass (amber), Fault (red)\", \"Load Level\": \"5 green LEDs, 2 red LEDs and red LEDs indicate overload condition\", \"Battery Capacity\": \"5 green LEDs, 2 red LEDs and red LEDs indicate battery low condition\"}, \"Protection\": \"Lightning, Transient/Spike, Surge, Sag, Black Out, Brown out, Flicker, Over voltage, Under voltage, Over Load, Short circuit, Battery over charge, Battery low(deep discharge) & Noise (EMI/RFI) as per International safety standard\", \"Technology\": \"Double conversion SPWM technology\", \"Noise Level\": \"<55 dBA at 1m distance\", \"Transfer Time\": \"0 (zero) ms\", \"Overload Detection\": \"125% for 10 secs. and 150% for 10 cycles. Crest factor 3:1\", \"Back-up Time Options\": {\"Full Load\": \"S: 15 min, X: 30 min, M: 60 min, L: 120 min, LL: 240 min\", \"Half Load\": \"S: 30 min, X: 60 min, M: 120 min, L: 240 min, LL: 480 min\"}, \"Operating Environment\": {\"Humidity\": \"20% - 90% (Non condensing)\", \"Temperature\": \"10C - 60C\"}}','[{\"url\": \"/Product Report/On-Line Catalog1.pdf\", \"name\": \"On-Line Catalog 1\", \"type\": \"pdf\"}]','On-Line UPS OL-20K (20KVA) - Micro Control Technology','Professional On-Line UPS system OL-20K with 20KVA capacity. Double conversion SPWM technology, LCD display, zero transfer time. Ideal for servers, data centers, and critical applications.','online ups, OL-20K, 20KVA, double conversion, SPWM, LCD display, zero transfer time, UPS system, Micro Control Technology',NULL,1,0,NULL,10,'2025-11-28 15:05:15','2025-11-28 15:05:15',NULL),(18,'On-Line UPS OL-25K (25KVA)','ol-25k-online-ups-catalog2','OL-25K','High-capacity On-Line UPS system with 25KVA capacity. Features double conversion SPWM technology, three-phase power, and zero transfer time for enterprise applications.','<h2>On-Line UPS OL-25K - 25KVA</h2>\r\n        <p>High-capacity On-Line UPS system with True Double Conversion technology, designed for enterprise applications, data centers, and industrial facilities requiring zero transfer time and continuous power protection.</p>\r\n        \r\n        <h3>Key Features:</h3>\r\n        <ul>\r\n            <li><strong>Technology:</strong> Double conversion SPWM technology</li>\r\n            <li><strong>Zero Transfer Time:</strong> 0 (zero) ms - Uninterrupted power supply</li>\r\n            <li><strong>Three-Phase Power:</strong> Designed for high-capacity applications</li>\r\n            <li><strong>LCD Display:</strong> LCD Display with advanced monitoring for real-time monitoring</li>\r\n            <li><strong>Pure Sine Wave Output:</strong> Pure sine wave for sensitive equipment</li>\r\n            <li><strong>High Efficiency:</strong> >90%</li>\r\n            <li><strong>Comprehensive Protection:</strong> Lightning, Transient/Spike, Surge, Sag, Black Out, Brown out, Flicker, Over voltage, Under voltage, Over Load, Short circuit, Battery over charge, Battery low(deep discharge) & Noise (EMI/RFI) as per International safety standard</li>\r\n            <li><strong>RS-232/485 Interface:</strong> Support RS 232/485 for UPS monitoring utility software. Provide power management & diagnostic functions including power status (Input/output voltage, frequency), Battery Low, Schedule UPS ON/OFF, Battery/load level display and more. Compatible with MS Dos, Windows 3.XX/95/98/XP/7/NT & Novell, etc.</li>\r\n        </ul>\r\n\r\n        <h3>Applications:</h3>\r\n        <ul>\r\n            <li>Large data centers and server farms</li>\r\n            <li>Industrial automation and manufacturing</li>\r\n            <li>Telecommunications facilities</li>\r\n            <li>Medical facilities and hospitals</li>\r\n            <li>Financial data centers</li>\r\n            <li>Enterprise IT infrastructure</li>\r\n            <li>Critical industrial processes</li>\r\n        </ul>\r\n\r\n        <h3>Technical Specifications:</h3>\r\n        <ul>\r\n            <li><strong>AC Input:</strong> 380V AC (Three phase), 25% 20%, 50/60 Hz 3 Hz</li>\r\n            <li><strong>AC Output:</strong> 380V AC (5% adjustable), Three Phase, 50/60 Hz</li>\r\n            <li><strong>Voltage Regulation:</strong> 1% or 2%</li>\r\n            <li><strong>Frequency Stability:</strong> 0.5%</li>\r\n            <li><strong>Power Factor:</strong> 0.7 ~ 1 (Lagging)</li>\r\n            <li><strong>Harmonic Distortion:</strong> <3% Of T.H.D at linear load</li>\r\n            <li><strong>Battery:</strong> Sealed lead acid battery, Maintenance free battery</li>\r\n            <li><strong>Charging Time:</strong> About 10 hours 90% after fully discharged</li>\r\n            <li><strong>Operating Environment:</strong> 0C - 40C, 20% - 90% (Non condensing)</li>\r\n            <li><strong>Noise Level:</strong> <60 dBA at 1m distance</li>\r\n        </ul>\r\n\r\n        <h3>Back-up Time Options:</h3>\r\n        <p>Available in multiple series (S, X, M, L, LL) with different back-up times:</p>\r\n        <ul>\r\n            <li><strong>Full Load:</strong> S: 15 min, X: 30 min, M: 60 min, L: 120 min, LL: 240 min</li>\r\n            <li><strong>Half Load:</strong> S: 30 min, X: 60 min, M: 120 min, L: 240 min, LL: 480 min</li>\r\n        </ul>\r\n\r\n        <p><strong>Note:</strong> Actual series will be indicated with each model depending on back-up time. Capacity and back-up time mentioned are for computer load. For any other application, please contact Micro Control Technology.</p>',NULL,NULL,NULL,'Contact for pricing',0,'{\"Model\": \"OL-25K\", \"Alarms\": {\"UPS Fault\": \"Continuous beeping sound\", \"Battery Discharge\": \"The first warning will beep every 4 seconds to indicate battery in use. The second warning will beep every 1 second to signal battery low condition\"}, \"Battery\": {\"Type\": \"Sealed lead acid battery, Maintenance free battery\", \"Charging Time\": \"About 10 hours 90% after fully discharged\"}, \"Display\": \"LCD Display with advanced monitoring\", \"AC Input\": {\"Voltage\": \"380V AC (Three phase), 25% 20%\", \"Frequency\": \"50/60 Hz 3 Hz\"}, \"Capacity\": \"25KVA\", \"AC Output\": {\"Voltage\": \"380V AC (5% adjustable), Three Phase\", \"Frequency\": \"50/60 Hz\", \"Wave Form\": \"Pure sine wave\", \"Power Factor\": \"0.7 ~ 1 (Lagging)\", \"Transient Response\": \"+4% for 100% instantaneous load variation, recovery to 1% of rated load within 2 ms\", \"Voltage Regulation\": \"1% or 2%\", \"Frequency Stability\": \"0.5%\", \"Harmonic Distortion\": \"<3% Of T.H.D at linear load\"}, \"Interface\": \"Support RS 232/485 for UPS monitoring utility software. Provide power management & diagnostic functions including power status (Input/output voltage, frequency), Battery Low, Schedule UPS ON/OFF, Battery/load level display and more. Compatible with MS Dos, Windows 3.XX/95/98/XP/7/NT & Novell, etc.\", \"Efficiency\": \">90%\", \"Indicators\": {\"Status\": \"Line input (green), Inverter output (green), Bypass (amber), Fault (red)\", \"Load Level\": \"5 green LEDs, 2 red LEDs and red LEDs indicate overload condition\", \"Battery Capacity\": \"5 green LEDs, 2 red LEDs and red LEDs indicate battery low condition\"}, \"Protection\": \"Lightning, Transient/Spike, Surge, Sag, Black Out, Brown out, Flicker, Over voltage, Under voltage, Over Load, Short circuit, Battery over charge, Battery low(deep discharge) & Noise (EMI/RFI) as per International safety standard\", \"Technology\": \"Double conversion SPWM technology\", \"Noise Level\": \"<60 dBA at 1m distance\", \"Transfer Time\": \"0 (zero) ms\", \"Overload Detection\": \"125% for 10 secs. and 150% for 10 cycles. Crest factor 3:1\", \"Back-up Time Options\": {\"Full Load\": \"S: 15 min, X: 30 min, M: 60 min, L: 120 min, LL: 240 min\", \"Half Load\": \"S: 30 min, X: 60 min, M: 120 min, L: 240 min, LL: 480 min\"}, \"Operating Environment\": {\"Humidity\": \"20% - 90% (Non condensing)\", \"Temperature\": \"0C - 40C\"}}','[{\"url\": \"/Product Report/On-Line Catalog2.pdf\", \"name\": \"On-Line Catalog 2\", \"type\": \"pdf\"}]','On-Line UPS OL-25K (25KVA) - Micro Control Technology','High-capacity On-Line UPS system OL-25K with 25KVA capacity. Double conversion SPWM technology, three-phase power, zero transfer time. Ideal for data centers, industrial facilities, and enterprise applications.','online ups, OL-25K, 25KVA, double conversion, SPWM, three phase, LCD display, zero transfer time, enterprise UPS, Micro Control Technology',NULL,1,1,NULL,1,'2025-11-28 15:05:15','2025-11-28 15:05:15',NULL),(19,'On-Line UPS OL-30K (30KVA)','ol-30k-online-ups-catalog2','OL-30K','High-capacity On-Line UPS system with 30KVA capacity. Features double conversion SPWM technology, three-phase power, and zero transfer time for enterprise applications.','<h2>On-Line UPS OL-30K - 30KVA</h2>\r\n        <p>High-capacity On-Line UPS system with True Double Conversion technology, designed for enterprise applications, data centers, and industrial facilities requiring zero transfer time and continuous power protection.</p>\r\n        \r\n        <h3>Key Features:</h3>\r\n        <ul>\r\n            <li><strong>Technology:</strong> Double conversion SPWM technology</li>\r\n            <li><strong>Zero Transfer Time:</strong> 0 (zero) ms - Uninterrupted power supply</li>\r\n            <li><strong>Three-Phase Power:</strong> Designed for high-capacity applications</li>\r\n            <li><strong>LCD Display:</strong> LCD Display with advanced monitoring for real-time monitoring</li>\r\n            <li><strong>Pure Sine Wave Output:</strong> Pure sine wave for sensitive equipment</li>\r\n            <li><strong>High Efficiency:</strong> >90%</li>\r\n            <li><strong>Comprehensive Protection:</strong> Lightning, Transient/Spike, Surge, Sag, Black Out, Brown out, Flicker, Over voltage, Under voltage, Over Load, Short circuit, Battery over charge, Battery low(deep discharge) & Noise (EMI/RFI) as per International safety standard</li>\r\n            <li><strong>RS-232/485 Interface:</strong> Support RS 232/485 for UPS monitoring utility software. Provide power management & diagnostic functions including power status (Input/output voltage, frequency), Battery Low, Schedule UPS ON/OFF, Battery/load level display and more. Compatible with MS Dos, Windows 3.XX/95/98/XP/7/NT & Novell, etc.</li>\r\n        </ul>\r\n\r\n        <h3>Applications:</h3>\r\n        <ul>\r\n            <li>Large data centers and server farms</li>\r\n            <li>Industrial automation and manufacturing</li>\r\n            <li>Telecommunications facilities</li>\r\n            <li>Medical facilities and hospitals</li>\r\n            <li>Financial data centers</li>\r\n            <li>Enterprise IT infrastructure</li>\r\n            <li>Critical industrial processes</li>\r\n        </ul>\r\n\r\n        <h3>Technical Specifications:</h3>\r\n        <ul>\r\n            <li><strong>AC Input:</strong> 380V AC (Three phase), 25% 20%, 50/60 Hz 3 Hz</li>\r\n            <li><strong>AC Output:</strong> 380V AC (5% adjustable), Three Phase, 50/60 Hz</li>\r\n            <li><strong>Voltage Regulation:</strong> 1% or 2%</li>\r\n            <li><strong>Frequency Stability:</strong> 0.5%</li>\r\n            <li><strong>Power Factor:</strong> 0.7 ~ 1 (Lagging)</li>\r\n            <li><strong>Harmonic Distortion:</strong> <3% Of T.H.D at linear load</li>\r\n            <li><strong>Battery:</strong> Sealed lead acid battery, Maintenance free battery</li>\r\n            <li><strong>Charging Time:</strong> About 10 hours 90% after fully discharged</li>\r\n            <li><strong>Operating Environment:</strong> 0C - 40C, 20% - 90% (Non condensing)</li>\r\n            <li><strong>Noise Level:</strong> <60 dBA at 1m distance</li>\r\n        </ul>\r\n\r\n        <h3>Back-up Time Options:</h3>\r\n        <p>Available in multiple series (S, X, M, L, LL) with different back-up times:</p>\r\n        <ul>\r\n            <li><strong>Full Load:</strong> S: 15 min, X: 30 min, M: 60 min, L: 120 min, LL: 240 min</li>\r\n            <li><strong>Half Load:</strong> S: 30 min, X: 60 min, M: 120 min, L: 240 min, LL: 480 min</li>\r\n        </ul>\r\n\r\n        <p><strong>Note:</strong> Actual series will be indicated with each model depending on back-up time. Capacity and back-up time mentioned are for computer load. For any other application, please contact Micro Control Technology.</p>',NULL,NULL,NULL,'Contact for pricing',0,'{\"Model\": \"OL-30K\", \"Alarms\": {\"UPS Fault\": \"Continuous beeping sound\", \"Battery Discharge\": \"The first warning will beep every 4 seconds to indicate battery in use. The second warning will beep every 1 second to signal battery low condition\"}, \"Battery\": {\"Type\": \"Sealed lead acid battery, Maintenance free battery\", \"Charging Time\": \"About 10 hours 90% after fully discharged\"}, \"Display\": \"LCD Display with advanced monitoring\", \"AC Input\": {\"Voltage\": \"380V AC (Three phase), 25% 20%\", \"Frequency\": \"50/60 Hz 3 Hz\"}, \"Capacity\": \"30KVA\", \"AC Output\": {\"Voltage\": \"380V AC (5% adjustable), Three Phase\", \"Frequency\": \"50/60 Hz\", \"Wave Form\": \"Pure sine wave\", \"Power Factor\": \"0.7 ~ 1 (Lagging)\", \"Transient Response\": \"+4% for 100% instantaneous load variation, recovery to 1% of rated load within 2 ms\", \"Voltage Regulation\": \"1% or 2%\", \"Frequency Stability\": \"0.5%\", \"Harmonic Distortion\": \"<3% Of T.H.D at linear load\"}, \"Interface\": \"Support RS 232/485 for UPS monitoring utility software. Provide power management & diagnostic functions including power status (Input/output voltage, frequency), Battery Low, Schedule UPS ON/OFF, Battery/load level display and more. Compatible with MS Dos, Windows 3.XX/95/98/XP/7/NT & Novell, etc.\", \"Efficiency\": \">90%\", \"Indicators\": {\"Status\": \"Line input (green), Inverter output (green), Bypass (amber), Fault (red)\", \"Load Level\": \"5 green LEDs, 2 red LEDs and red LEDs indicate overload condition\", \"Battery Capacity\": \"5 green LEDs, 2 red LEDs and red LEDs indicate battery low condition\"}, \"Protection\": \"Lightning, Transient/Spike, Surge, Sag, Black Out, Brown out, Flicker, Over voltage, Under voltage, Over Load, Short circuit, Battery over charge, Battery low(deep discharge) & Noise (EMI/RFI) as per International safety standard\", \"Technology\": \"Double conversion SPWM technology\", \"Noise Level\": \"<60 dBA at 1m distance\", \"Transfer Time\": \"0 (zero) ms\", \"Overload Detection\": \"125% for 10 secs. and 150% for 10 cycles. Crest factor 3:1\", \"Back-up Time Options\": {\"Full Load\": \"S: 15 min, X: 30 min, M: 60 min, L: 120 min, LL: 240 min\", \"Half Load\": \"S: 30 min, X: 60 min, M: 120 min, L: 240 min, LL: 480 min\"}, \"Operating Environment\": {\"Humidity\": \"20% - 90% (Non condensing)\", \"Temperature\": \"0C - 40C\"}}','[{\"url\": \"/Product Report/On-Line Catalog2.pdf\", \"name\": \"On-Line Catalog 2\", \"type\": \"pdf\"}]','On-Line UPS OL-30K (30KVA) - Micro Control Technology','High-capacity On-Line UPS system OL-30K with 30KVA capacity. Double conversion SPWM technology, three-phase power, zero transfer time. Ideal for data centers, industrial facilities, and enterprise applications.','online ups, OL-30K, 30KVA, double conversion, SPWM, three phase, LCD display, zero transfer time, enterprise UPS, Micro Control Technology',NULL,1,1,NULL,2,'2025-11-28 15:05:15','2025-11-28 15:05:15',NULL),(20,'On-Line UPS OL-40K (40KVA)','ol-40k-online-ups-catalog2','OL-40K','High-capacity On-Line UPS system with 40KVA capacity. Features double conversion SPWM technology, three-phase power, and zero transfer time for enterprise applications.','<h2>On-Line UPS OL-40K - 40KVA</h2>\r\n        <p>High-capacity On-Line UPS system with True Double Conversion technology, designed for enterprise applications, data centers, and industrial facilities requiring zero transfer time and continuous power protection.</p>\r\n        \r\n        <h3>Key Features:</h3>\r\n        <ul>\r\n            <li><strong>Technology:</strong> Double conversion SPWM technology</li>\r\n            <li><strong>Zero Transfer Time:</strong> 0 (zero) ms - Uninterrupted power supply</li>\r\n            <li><strong>Three-Phase Power:</strong> Designed for high-capacity applications</li>\r\n            <li><strong>LCD Display:</strong> LCD Display with advanced monitoring for real-time monitoring</li>\r\n            <li><strong>Pure Sine Wave Output:</strong> Pure sine wave for sensitive equipment</li>\r\n            <li><strong>High Efficiency:</strong> >90%</li>\r\n            <li><strong>Comprehensive Protection:</strong> Lightning, Transient/Spike, Surge, Sag, Black Out, Brown out, Flicker, Over voltage, Under voltage, Over Load, Short circuit, Battery over charge, Battery low(deep discharge) & Noise (EMI/RFI) as per International safety standard</li>\r\n            <li><strong>RS-232/485 Interface:</strong> Support RS 232/485 for UPS monitoring utility software. Provide power management & diagnostic functions including power status (Input/output voltage, frequency), Battery Low, Schedule UPS ON/OFF, Battery/load level display and more. Compatible with MS Dos, Windows 3.XX/95/98/XP/7/NT & Novell, etc.</li>\r\n        </ul>\r\n\r\n        <h3>Applications:</h3>\r\n        <ul>\r\n            <li>Large data centers and server farms</li>\r\n            <li>Industrial automation and manufacturing</li>\r\n            <li>Telecommunications facilities</li>\r\n            <li>Medical facilities and hospitals</li>\r\n            <li>Financial data centers</li>\r\n            <li>Enterprise IT infrastructure</li>\r\n            <li>Critical industrial processes</li>\r\n        </ul>\r\n\r\n        <h3>Technical Specifications:</h3>\r\n        <ul>\r\n            <li><strong>AC Input:</strong> 380V AC (Three phase), 25% 20%, 50/60 Hz 3 Hz</li>\r\n            <li><strong>AC Output:</strong> 380V AC (5% adjustable), Three Phase, 50/60 Hz</li>\r\n            <li><strong>Voltage Regulation:</strong> 1% or 2%</li>\r\n            <li><strong>Frequency Stability:</strong> 0.5%</li>\r\n            <li><strong>Power Factor:</strong> 0.7 ~ 1 (Lagging)</li>\r\n            <li><strong>Harmonic Distortion:</strong> <3% Of T.H.D at linear load</li>\r\n            <li><strong>Battery:</strong> Sealed lead acid battery, Maintenance free battery</li>\r\n            <li><strong>Charging Time:</strong> About 10 hours 90% after fully discharged</li>\r\n            <li><strong>Operating Environment:</strong> 0C - 40C, 20% - 90% (Non condensing)</li>\r\n            <li><strong>Noise Level:</strong> <60 dBA at 1m distance</li>\r\n        </ul>\r\n\r\n        <h3>Back-up Time Options:</h3>\r\n        <p>Available in multiple series (S, X, M, L, LL) with different back-up times:</p>\r\n        <ul>\r\n            <li><strong>Full Load:</strong> S: 15 min, X: 30 min, M: 60 min, L: 120 min, LL: 240 min</li>\r\n            <li><strong>Half Load:</strong> S: 30 min, X: 60 min, M: 120 min, L: 240 min, LL: 480 min</li>\r\n        </ul>\r\n\r\n        <p><strong>Note:</strong> Actual series will be indicated with each model depending on back-up time. Capacity and back-up time mentioned are for computer load. For any other application, please contact Micro Control Technology.</p>',NULL,NULL,NULL,'Contact for pricing',0,'{\"Model\": \"OL-40K\", \"Alarms\": {\"UPS Fault\": \"Continuous beeping sound\", \"Battery Discharge\": \"The first warning will beep every 4 seconds to indicate battery in use. The second warning will beep every 1 second to signal battery low condition\"}, \"Battery\": {\"Type\": \"Sealed lead acid battery, Maintenance free battery\", \"Charging Time\": \"About 10 hours 90% after fully discharged\"}, \"Display\": \"LCD Display with advanced monitoring\", \"AC Input\": {\"Voltage\": \"380V AC (Three phase), 25% 20%\", \"Frequency\": \"50/60 Hz 3 Hz\"}, \"Capacity\": \"40KVA\", \"AC Output\": {\"Voltage\": \"380V AC (5% adjustable), Three Phase\", \"Frequency\": \"50/60 Hz\", \"Wave Form\": \"Pure sine wave\", \"Power Factor\": \"0.7 ~ 1 (Lagging)\", \"Transient Response\": \"+4% for 100% instantaneous load variation, recovery to 1% of rated load within 2 ms\", \"Voltage Regulation\": \"1% or 2%\", \"Frequency Stability\": \"0.5%\", \"Harmonic Distortion\": \"<3% Of T.H.D at linear load\"}, \"Interface\": \"Support RS 232/485 for UPS monitoring utility software. Provide power management & diagnostic functions including power status (Input/output voltage, frequency), Battery Low, Schedule UPS ON/OFF, Battery/load level display and more. Compatible with MS Dos, Windows 3.XX/95/98/XP/7/NT & Novell, etc.\", \"Efficiency\": \">90%\", \"Indicators\": {\"Status\": \"Line input (green), Inverter output (green), Bypass (amber), Fault (red)\", \"Load Level\": \"5 green LEDs, 2 red LEDs and red LEDs indicate overload condition\", \"Battery Capacity\": \"5 green LEDs, 2 red LEDs and red LEDs indicate battery low condition\"}, \"Protection\": \"Lightning, Transient/Spike, Surge, Sag, Black Out, Brown out, Flicker, Over voltage, Under voltage, Over Load, Short circuit, Battery over charge, Battery low(deep discharge) & Noise (EMI/RFI) as per International safety standard\", \"Technology\": \"Double conversion SPWM technology\", \"Noise Level\": \"<60 dBA at 1m distance\", \"Transfer Time\": \"0 (zero) ms\", \"Overload Detection\": \"125% for 10 secs. and 150% for 10 cycles. Crest factor 3:1\", \"Back-up Time Options\": {\"Full Load\": \"S: 15 min, X: 30 min, M: 60 min, L: 120 min, LL: 240 min\", \"Half Load\": \"S: 30 min, X: 60 min, M: 120 min, L: 240 min, LL: 480 min\"}, \"Operating Environment\": {\"Humidity\": \"20% - 90% (Non condensing)\", \"Temperature\": \"0C - 40C\"}}','[{\"url\": \"/Product Report/On-Line Catalog2.pdf\", \"name\": \"On-Line Catalog 2\", \"type\": \"pdf\"}]','On-Line UPS OL-40K (40KVA) - Micro Control Technology','High-capacity On-Line UPS system OL-40K with 40KVA capacity. Double conversion SPWM technology, three-phase power, zero transfer time. Ideal for data centers, industrial facilities, and enterprise applications.','online ups, OL-40K, 40KVA, double conversion, SPWM, three phase, LCD display, zero transfer time, enterprise UPS, Micro Control Technology',NULL,1,1,NULL,3,'2025-11-28 15:05:15','2025-11-28 15:05:15',NULL),(21,'On-Line UPS OL-50K (50KVA)','ol-50k-online-ups-catalog2','OL-50K','High-capacity On-Line UPS system with 50KVA capacity. Features double conversion SPWM technology, three-phase power, and zero transfer time for enterprise applications.','<h2>On-Line UPS OL-50K - 50KVA</h2>\r\n        <p>High-capacity On-Line UPS system with True Double Conversion technology, designed for enterprise applications, data centers, and industrial facilities requiring zero transfer time and continuous power protection.</p>\r\n        \r\n        <h3>Key Features:</h3>\r\n        <ul>\r\n            <li><strong>Technology:</strong> Double conversion SPWM technology</li>\r\n            <li><strong>Zero Transfer Time:</strong> 0 (zero) ms - Uninterrupted power supply</li>\r\n            <li><strong>Three-Phase Power:</strong> Designed for high-capacity applications</li>\r\n            <li><strong>LCD Display:</strong> LCD Display with advanced monitoring for real-time monitoring</li>\r\n            <li><strong>Pure Sine Wave Output:</strong> Pure sine wave for sensitive equipment</li>\r\n            <li><strong>High Efficiency:</strong> >90%</li>\r\n            <li><strong>Comprehensive Protection:</strong> Lightning, Transient/Spike, Surge, Sag, Black Out, Brown out, Flicker, Over voltage, Under voltage, Over Load, Short circuit, Battery over charge, Battery low(deep discharge) & Noise (EMI/RFI) as per International safety standard</li>\r\n            <li><strong>RS-232/485 Interface:</strong> Support RS 232/485 for UPS monitoring utility software. Provide power management & diagnostic functions including power status (Input/output voltage, frequency), Battery Low, Schedule UPS ON/OFF, Battery/load level display and more. Compatible with MS Dos, Windows 3.XX/95/98/XP/7/NT & Novell, etc.</li>\r\n        </ul>\r\n\r\n        <h3>Applications:</h3>\r\n        <ul>\r\n            <li>Large data centers and server farms</li>\r\n            <li>Industrial automation and manufacturing</li>\r\n            <li>Telecommunications facilities</li>\r\n            <li>Medical facilities and hospitals</li>\r\n            <li>Financial data centers</li>\r\n            <li>Enterprise IT infrastructure</li>\r\n            <li>Critical industrial processes</li>\r\n        </ul>\r\n\r\n        <h3>Technical Specifications:</h3>\r\n        <ul>\r\n            <li><strong>AC Input:</strong> 380V AC (Three phase), 25% 20%, 50/60 Hz 3 Hz</li>\r\n            <li><strong>AC Output:</strong> 380V AC (5% adjustable), Three Phase, 50/60 Hz</li>\r\n            <li><strong>Voltage Regulation:</strong> 1% or 2%</li>\r\n            <li><strong>Frequency Stability:</strong> 0.5%</li>\r\n            <li><strong>Power Factor:</strong> 0.7 ~ 1 (Lagging)</li>\r\n            <li><strong>Harmonic Distortion:</strong> <3% Of T.H.D at linear load</li>\r\n            <li><strong>Battery:</strong> Sealed lead acid battery, Maintenance free battery</li>\r\n            <li><strong>Charging Time:</strong> About 10 hours 90% after fully discharged</li>\r\n            <li><strong>Operating Environment:</strong> 0C - 40C, 20% - 90% (Non condensing)</li>\r\n            <li><strong>Noise Level:</strong> <60 dBA at 1m distance</li>\r\n        </ul>\r\n\r\n        <h3>Back-up Time Options:</h3>\r\n        <p>Available in multiple series (S, X, M, L, LL) with different back-up times:</p>\r\n        <ul>\r\n            <li><strong>Full Load:</strong> S: 15 min, X: 30 min, M: 60 min, L: 120 min, LL: 240 min</li>\r\n            <li><strong>Half Load:</strong> S: 30 min, X: 60 min, M: 120 min, L: 240 min, LL: 480 min</li>\r\n        </ul>\r\n\r\n        <p><strong>Note:</strong> Actual series will be indicated with each model depending on back-up time. Capacity and back-up time mentioned are for computer load. For any other application, please contact Micro Control Technology.</p>',NULL,NULL,NULL,'Contact for pricing',0,'{\"Model\": \"OL-50K\", \"Alarms\": {\"UPS Fault\": \"Continuous beeping sound\", \"Battery Discharge\": \"The first warning will beep every 4 seconds to indicate battery in use. The second warning will beep every 1 second to signal battery low condition\"}, \"Battery\": {\"Type\": \"Sealed lead acid battery, Maintenance free battery\", \"Charging Time\": \"About 10 hours 90% after fully discharged\"}, \"Display\": \"LCD Display with advanced monitoring\", \"AC Input\": {\"Voltage\": \"380V AC (Three phase), 25% 20%\", \"Frequency\": \"50/60 Hz 3 Hz\"}, \"Capacity\": \"50KVA\", \"AC Output\": {\"Voltage\": \"380V AC (5% adjustable), Three Phase\", \"Frequency\": \"50/60 Hz\", \"Wave Form\": \"Pure sine wave\", \"Power Factor\": \"0.7 ~ 1 (Lagging)\", \"Transient Response\": \"+4% for 100% instantaneous load variation, recovery to 1% of rated load within 2 ms\", \"Voltage Regulation\": \"1% or 2%\", \"Frequency Stability\": \"0.5%\", \"Harmonic Distortion\": \"<3% Of T.H.D at linear load\"}, \"Interface\": \"Support RS 232/485 for UPS monitoring utility software. Provide power management & diagnostic functions including power status (Input/output voltage, frequency), Battery Low, Schedule UPS ON/OFF, Battery/load level display and more. Compatible with MS Dos, Windows 3.XX/95/98/XP/7/NT & Novell, etc.\", \"Efficiency\": \">90%\", \"Indicators\": {\"Status\": \"Line input (green), Inverter output (green), Bypass (amber), Fault (red)\", \"Load Level\": \"5 green LEDs, 2 red LEDs and red LEDs indicate overload condition\", \"Battery Capacity\": \"5 green LEDs, 2 red LEDs and red LEDs indicate battery low condition\"}, \"Protection\": \"Lightning, Transient/Spike, Surge, Sag, Black Out, Brown out, Flicker, Over voltage, Under voltage, Over Load, Short circuit, Battery over charge, Battery low(deep discharge) & Noise (EMI/RFI) as per International safety standard\", \"Technology\": \"Double conversion SPWM technology\", \"Noise Level\": \"<60 dBA at 1m distance\", \"Transfer Time\": \"0 (zero) ms\", \"Overload Detection\": \"125% for 10 secs. and 150% for 10 cycles. Crest factor 3:1\", \"Back-up Time Options\": {\"Full Load\": \"S: 15 min, X: 30 min, M: 60 min, L: 120 min, LL: 240 min\", \"Half Load\": \"S: 30 min, X: 60 min, M: 120 min, L: 240 min, LL: 480 min\"}, \"Operating Environment\": {\"Humidity\": \"20% - 90% (Non condensing)\", \"Temperature\": \"0C - 40C\"}}','[{\"url\": \"/Product Report/On-Line Catalog2.pdf\", \"name\": \"On-Line Catalog 2\", \"type\": \"pdf\"}]','On-Line UPS OL-50K (50KVA) - Micro Control Technology','High-capacity On-Line UPS system OL-50K with 50KVA capacity. Double conversion SPWM technology, three-phase power, zero transfer time. Ideal for data centers, industrial facilities, and enterprise applications.','online ups, OL-50K, 50KVA, double conversion, SPWM, three phase, LCD display, zero transfer time, enterprise UPS, Micro Control Technology',NULL,1,0,NULL,4,'2025-11-28 15:05:15','2025-11-28 15:05:15',NULL),(22,'On-Line UPS OL-60K (60KVA)','ol-60k-online-ups-catalog2','OL-60K','High-capacity On-Line UPS system with 60KVA capacity. Features double conversion SPWM technology, three-phase power, and zero transfer time for enterprise applications.','<h2>On-Line UPS OL-60K - 60KVA</h2>\r\n        <p>High-capacity On-Line UPS system with True Double Conversion technology, designed for enterprise applications, data centers, and industrial facilities requiring zero transfer time and continuous power protection.</p>\r\n        \r\n        <h3>Key Features:</h3>\r\n        <ul>\r\n            <li><strong>Technology:</strong> Double conversion SPWM technology</li>\r\n            <li><strong>Zero Transfer Time:</strong> 0 (zero) ms - Uninterrupted power supply</li>\r\n            <li><strong>Three-Phase Power:</strong> Designed for high-capacity applications</li>\r\n            <li><strong>LCD Display:</strong> LCD Display with advanced monitoring for real-time monitoring</li>\r\n            <li><strong>Pure Sine Wave Output:</strong> Pure sine wave for sensitive equipment</li>\r\n            <li><strong>High Efficiency:</strong> >90%</li>\r\n            <li><strong>Comprehensive Protection:</strong> Lightning, Transient/Spike, Surge, Sag, Black Out, Brown out, Flicker, Over voltage, Under voltage, Over Load, Short circuit, Battery over charge, Battery low(deep discharge) & Noise (EMI/RFI) as per International safety standard</li>\r\n            <li><strong>RS-232/485 Interface:</strong> Support RS 232/485 for UPS monitoring utility software. Provide power management & diagnostic functions including power status (Input/output voltage, frequency), Battery Low, Schedule UPS ON/OFF, Battery/load level display and more. Compatible with MS Dos, Windows 3.XX/95/98/XP/7/NT & Novell, etc.</li>\r\n        </ul>\r\n\r\n        <h3>Applications:</h3>\r\n        <ul>\r\n            <li>Large data centers and server farms</li>\r\n            <li>Industrial automation and manufacturing</li>\r\n            <li>Telecommunications facilities</li>\r\n            <li>Medical facilities and hospitals</li>\r\n            <li>Financial data centers</li>\r\n            <li>Enterprise IT infrastructure</li>\r\n            <li>Critical industrial processes</li>\r\n        </ul>\r\n\r\n        <h3>Technical Specifications:</h3>\r\n        <ul>\r\n            <li><strong>AC Input:</strong> 380V AC (Three phase), 25% 20%, 50/60 Hz 3 Hz</li>\r\n            <li><strong>AC Output:</strong> 380V AC (5% adjustable), Three Phase, 50/60 Hz</li>\r\n            <li><strong>Voltage Regulation:</strong> 1% or 2%</li>\r\n            <li><strong>Frequency Stability:</strong> 0.5%</li>\r\n            <li><strong>Power Factor:</strong> 0.7 ~ 1 (Lagging)</li>\r\n            <li><strong>Harmonic Distortion:</strong> <3% Of T.H.D at linear load</li>\r\n            <li><strong>Battery:</strong> Sealed lead acid battery, Maintenance free battery</li>\r\n            <li><strong>Charging Time:</strong> About 10 hours 90% after fully discharged</li>\r\n            <li><strong>Operating Environment:</strong> 0C - 40C, 20% - 90% (Non condensing)</li>\r\n            <li><strong>Noise Level:</strong> <60 dBA at 1m distance</li>\r\n        </ul>\r\n\r\n        <h3>Back-up Time Options:</h3>\r\n        <p>Available in multiple series (S, X, M, L, LL) with different back-up times:</p>\r\n        <ul>\r\n            <li><strong>Full Load:</strong> S: 15 min, X: 30 min, M: 60 min, L: 120 min, LL: 240 min</li>\r\n            <li><strong>Half Load:</strong> S: 30 min, X: 60 min, M: 120 min, L: 240 min, LL: 480 min</li>\r\n        </ul>\r\n\r\n        <p><strong>Note:</strong> Actual series will be indicated with each model depending on back-up time. Capacity and back-up time mentioned are for computer load. For any other application, please contact Micro Control Technology.</p>',NULL,NULL,NULL,'Contact for pricing',0,'{\"Model\": \"OL-60K\", \"Alarms\": {\"UPS Fault\": \"Continuous beeping sound\", \"Battery Discharge\": \"The first warning will beep every 4 seconds to indicate battery in use. The second warning will beep every 1 second to signal battery low condition\"}, \"Battery\": {\"Type\": \"Sealed lead acid battery, Maintenance free battery\", \"Charging Time\": \"About 10 hours 90% after fully discharged\"}, \"Display\": \"LCD Display with advanced monitoring\", \"AC Input\": {\"Voltage\": \"380V AC (Three phase), 25% 20%\", \"Frequency\": \"50/60 Hz 3 Hz\"}, \"Capacity\": \"60KVA\", \"AC Output\": {\"Voltage\": \"380V AC (5% adjustable), Three Phase\", \"Frequency\": \"50/60 Hz\", \"Wave Form\": \"Pure sine wave\", \"Power Factor\": \"0.7 ~ 1 (Lagging)\", \"Transient Response\": \"+4% for 100% instantaneous load variation, recovery to 1% of rated load within 2 ms\", \"Voltage Regulation\": \"1% or 2%\", \"Frequency Stability\": \"0.5%\", \"Harmonic Distortion\": \"<3% Of T.H.D at linear load\"}, \"Interface\": \"Support RS 232/485 for UPS monitoring utility software. Provide power management & diagnostic functions including power status (Input/output voltage, frequency), Battery Low, Schedule UPS ON/OFF, Battery/load level display and more. Compatible with MS Dos, Windows 3.XX/95/98/XP/7/NT & Novell, etc.\", \"Efficiency\": \">90%\", \"Indicators\": {\"Status\": \"Line input (green), Inverter output (green), Bypass (amber), Fault (red)\", \"Load Level\": \"5 green LEDs, 2 red LEDs and red LEDs indicate overload condition\", \"Battery Capacity\": \"5 green LEDs, 2 red LEDs and red LEDs indicate battery low condition\"}, \"Protection\": \"Lightning, Transient/Spike, Surge, Sag, Black Out, Brown out, Flicker, Over voltage, Under voltage, Over Load, Short circuit, Battery over charge, Battery low(deep discharge) & Noise (EMI/RFI) as per International safety standard\", \"Technology\": \"Double conversion SPWM technology\", \"Noise Level\": \"<60 dBA at 1m distance\", \"Transfer Time\": \"0 (zero) ms\", \"Overload Detection\": \"125% for 10 secs. and 150% for 10 cycles. Crest factor 3:1\", \"Back-up Time Options\": {\"Full Load\": \"S: 15 min, X: 30 min, M: 60 min, L: 120 min, LL: 240 min\", \"Half Load\": \"S: 30 min, X: 60 min, M: 120 min, L: 240 min, LL: 480 min\"}, \"Operating Environment\": {\"Humidity\": \"20% - 90% (Non condensing)\", \"Temperature\": \"0C - 40C\"}}','[{\"url\": \"/Product Report/On-Line Catalog2.pdf\", \"name\": \"On-Line Catalog 2\", \"type\": \"pdf\"}]','On-Line UPS OL-60K (60KVA) - Micro Control Technology','High-capacity On-Line UPS system OL-60K with 60KVA capacity. Double conversion SPWM technology, three-phase power, zero transfer time. Ideal for data centers, industrial facilities, and enterprise applications.','online ups, OL-60K, 60KVA, double conversion, SPWM, three phase, LCD display, zero transfer time, enterprise UPS, Micro Control Technology',NULL,1,0,NULL,5,'2025-11-28 15:05:15','2025-11-28 15:05:15',NULL),(23,'On-Line UPS OL-80K (80KVA)','ol-80k-online-ups-catalog2','OL-80K','High-capacity On-Line UPS system with 80KVA capacity. Features double conversion SPWM technology, three-phase power, and zero transfer time for enterprise applications.','<h2>On-Line UPS OL-80K - 80KVA</h2>\r\n        <p>High-capacity On-Line UPS system with True Double Conversion technology, designed for enterprise applications, data centers, and industrial facilities requiring zero transfer time and continuous power protection.</p>\r\n        \r\n        <h3>Key Features:</h3>\r\n        <ul>\r\n            <li><strong>Technology:</strong> Double conversion SPWM technology</li>\r\n            <li><strong>Zero Transfer Time:</strong> 0 (zero) ms - Uninterrupted power supply</li>\r\n            <li><strong>Three-Phase Power:</strong> Designed for high-capacity applications</li>\r\n            <li><strong>LCD Display:</strong> LCD Display with advanced monitoring for real-time monitoring</li>\r\n            <li><strong>Pure Sine Wave Output:</strong> Pure sine wave for sensitive equipment</li>\r\n            <li><strong>High Efficiency:</strong> >90%</li>\r\n            <li><strong>Comprehensive Protection:</strong> Lightning, Transient/Spike, Surge, Sag, Black Out, Brown out, Flicker, Over voltage, Under voltage, Over Load, Short circuit, Battery over charge, Battery low(deep discharge) & Noise (EMI/RFI) as per International safety standard</li>\r\n            <li><strong>RS-232/485 Interface:</strong> Support RS 232/485 for UPS monitoring utility software. Provide power management & diagnostic functions including power status (Input/output voltage, frequency), Battery Low, Schedule UPS ON/OFF, Battery/load level display and more. Compatible with MS Dos, Windows 3.XX/95/98/XP/7/NT & Novell, etc.</li>\r\n        </ul>\r\n\r\n        <h3>Applications:</h3>\r\n        <ul>\r\n            <li>Large data centers and server farms</li>\r\n            <li>Industrial automation and manufacturing</li>\r\n            <li>Telecommunications facilities</li>\r\n            <li>Medical facilities and hospitals</li>\r\n            <li>Financial data centers</li>\r\n            <li>Enterprise IT infrastructure</li>\r\n            <li>Critical industrial processes</li>\r\n        </ul>\r\n\r\n        <h3>Technical Specifications:</h3>\r\n        <ul>\r\n            <li><strong>AC Input:</strong> 380V AC (Three phase), 25% 20%, 50/60 Hz 3 Hz</li>\r\n            <li><strong>AC Output:</strong> 380V AC (5% adjustable), Three Phase, 50/60 Hz</li>\r\n            <li><strong>Voltage Regulation:</strong> 1% or 2%</li>\r\n            <li><strong>Frequency Stability:</strong> 0.5%</li>\r\n            <li><strong>Power Factor:</strong> 0.7 ~ 1 (Lagging)</li>\r\n            <li><strong>Harmonic Distortion:</strong> <3% Of T.H.D at linear load</li>\r\n            <li><strong>Battery:</strong> Sealed lead acid battery, Maintenance free battery</li>\r\n            <li><strong>Charging Time:</strong> About 10 hours 90% after fully discharged</li>\r\n            <li><strong>Operating Environment:</strong> 0C - 40C, 20% - 90% (Non condensing)</li>\r\n            <li><strong>Noise Level:</strong> <60 dBA at 1m distance</li>\r\n        </ul>\r\n\r\n        <h3>Back-up Time Options:</h3>\r\n        <p>Available in multiple series (S, X, M, L, LL) with different back-up times:</p>\r\n        <ul>\r\n            <li><strong>Full Load:</strong> S: 15 min, X: 30 min, M: 60 min, L: 120 min, LL: 240 min</li>\r\n            <li><strong>Half Load:</strong> S: 30 min, X: 60 min, M: 120 min, L: 240 min, LL: 480 min</li>\r\n        </ul>\r\n\r\n        <p><strong>Note:</strong> Actual series will be indicated with each model depending on back-up time. Capacity and back-up time mentioned are for computer load. For any other application, please contact Micro Control Technology.</p>',NULL,NULL,NULL,'Contact for pricing',0,'{\"Model\": \"OL-80K\", \"Alarms\": {\"UPS Fault\": \"Continuous beeping sound\", \"Battery Discharge\": \"The first warning will beep every 4 seconds to indicate battery in use. The second warning will beep every 1 second to signal battery low condition\"}, \"Battery\": {\"Type\": \"Sealed lead acid battery, Maintenance free battery\", \"Charging Time\": \"About 10 hours 90% after fully discharged\"}, \"Display\": \"LCD Display with advanced monitoring\", \"AC Input\": {\"Voltage\": \"380V AC (Three phase), 25% 20%\", \"Frequency\": \"50/60 Hz 3 Hz\"}, \"Capacity\": \"80KVA\", \"AC Output\": {\"Voltage\": \"380V AC (5% adjustable), Three Phase\", \"Frequency\": \"50/60 Hz\", \"Wave Form\": \"Pure sine wave\", \"Power Factor\": \"0.7 ~ 1 (Lagging)\", \"Transient Response\": \"+4% for 100% instantaneous load variation, recovery to 1% of rated load within 2 ms\", \"Voltage Regulation\": \"1% or 2%\", \"Frequency Stability\": \"0.5%\", \"Harmonic Distortion\": \"<3% Of T.H.D at linear load\"}, \"Interface\": \"Support RS 232/485 for UPS monitoring utility software. Provide power management & diagnostic functions including power status (Input/output voltage, frequency), Battery Low, Schedule UPS ON/OFF, Battery/load level display and more. Compatible with MS Dos, Windows 3.XX/95/98/XP/7/NT & Novell, etc.\", \"Efficiency\": \">90%\", \"Indicators\": {\"Status\": \"Line input (green), Inverter output (green), Bypass (amber), Fault (red)\", \"Load Level\": \"5 green LEDs, 2 red LEDs and red LEDs indicate overload condition\", \"Battery Capacity\": \"5 green LEDs, 2 red LEDs and red LEDs indicate battery low condition\"}, \"Protection\": \"Lightning, Transient/Spike, Surge, Sag, Black Out, Brown out, Flicker, Over voltage, Under voltage, Over Load, Short circuit, Battery over charge, Battery low(deep discharge) & Noise (EMI/RFI) as per International safety standard\", \"Technology\": \"Double conversion SPWM technology\", \"Noise Level\": \"<60 dBA at 1m distance\", \"Transfer Time\": \"0 (zero) ms\", \"Overload Detection\": \"125% for 10 secs. and 150% for 10 cycles. Crest factor 3:1\", \"Back-up Time Options\": {\"Full Load\": \"S: 15 min, X: 30 min, M: 60 min, L: 120 min, LL: 240 min\", \"Half Load\": \"S: 30 min, X: 60 min, M: 120 min, L: 240 min, LL: 480 min\"}, \"Operating Environment\": {\"Humidity\": \"20% - 90% (Non condensing)\", \"Temperature\": \"0C - 40C\"}}','[{\"url\": \"/Product Report/On-Line Catalog2.pdf\", \"name\": \"On-Line Catalog 2\", \"type\": \"pdf\"}]','On-Line UPS OL-80K (80KVA) - Micro Control Technology','High-capacity On-Line UPS system OL-80K with 80KVA capacity. Double conversion SPWM technology, three-phase power, zero transfer time. Ideal for data centers, industrial facilities, and enterprise applications.','online ups, OL-80K, 80KVA, double conversion, SPWM, three phase, LCD display, zero transfer time, enterprise UPS, Micro Control Technology',NULL,1,0,NULL,6,'2025-11-28 15:05:15','2025-11-28 15:05:15',NULL),(24,'On-Line UPS OL-100K (100KVA)','ol-100k-online-ups-catalog2','OL-100K','High-capacity On-Line UPS system with 100KVA capacity. Features double conversion SPWM technology, three-phase power, and zero transfer time for enterprise applications.','<h2>On-Line UPS OL-100K - 100KVA</h2>\r\n        <p>High-capacity On-Line UPS system with True Double Conversion technology, designed for enterprise applications, data centers, and industrial facilities requiring zero transfer time and continuous power protection.</p>\r\n        \r\n        <h3>Key Features:</h3>\r\n        <ul>\r\n            <li><strong>Technology:</strong> Double conversion SPWM technology</li>\r\n            <li><strong>Zero Transfer Time:</strong> 0 (zero) ms - Uninterrupted power supply</li>\r\n            <li><strong>Three-Phase Power:</strong> Designed for high-capacity applications</li>\r\n            <li><strong>LCD Display:</strong> LCD Display with advanced monitoring for real-time monitoring</li>\r\n            <li><strong>Pure Sine Wave Output:</strong> Pure sine wave for sensitive equipment</li>\r\n            <li><strong>High Efficiency:</strong> >90%</li>\r\n            <li><strong>Comprehensive Protection:</strong> Lightning, Transient/Spike, Surge, Sag, Black Out, Brown out, Flicker, Over voltage, Under voltage, Over Load, Short circuit, Battery over charge, Battery low(deep discharge) & Noise (EMI/RFI) as per International safety standard</li>\r\n            <li><strong>RS-232/485 Interface:</strong> Support RS 232/485 for UPS monitoring utility software. Provide power management & diagnostic functions including power status (Input/output voltage, frequency), Battery Low, Schedule UPS ON/OFF, Battery/load level display and more. Compatible with MS Dos, Windows 3.XX/95/98/XP/7/NT & Novell, etc.</li>\r\n        </ul>\r\n\r\n        <h3>Applications:</h3>\r\n        <ul>\r\n            <li>Large data centers and server farms</li>\r\n            <li>Industrial automation and manufacturing</li>\r\n            <li>Telecommunications facilities</li>\r\n            <li>Medical facilities and hospitals</li>\r\n            <li>Financial data centers</li>\r\n            <li>Enterprise IT infrastructure</li>\r\n            <li>Critical industrial processes</li>\r\n        </ul>\r\n\r\n        <h3>Technical Specifications:</h3>\r\n        <ul>\r\n            <li><strong>AC Input:</strong> 380V AC (Three phase), 25% 20%, 50/60 Hz 3 Hz</li>\r\n            <li><strong>AC Output:</strong> 380V AC (5% adjustable), Three Phase, 50/60 Hz</li>\r\n            <li><strong>Voltage Regulation:</strong> 1% or 2%</li>\r\n            <li><strong>Frequency Stability:</strong> 0.5%</li>\r\n            <li><strong>Power Factor:</strong> 0.7 ~ 1 (Lagging)</li>\r\n            <li><strong>Harmonic Distortion:</strong> <3% Of T.H.D at linear load</li>\r\n            <li><strong>Battery:</strong> Sealed lead acid battery, Maintenance free battery</li>\r\n            <li><strong>Charging Time:</strong> About 10 hours 90% after fully discharged</li>\r\n            <li><strong>Operating Environment:</strong> 0C - 40C, 20% - 90% (Non condensing)</li>\r\n            <li><strong>Noise Level:</strong> <60 dBA at 1m distance</li>\r\n        </ul>\r\n\r\n        <h3>Back-up Time Options:</h3>\r\n        <p>Available in multiple series (S, X, M, L, LL) with different back-up times:</p>\r\n        <ul>\r\n            <li><strong>Full Load:</strong> S: 15 min, X: 30 min, M: 60 min, L: 120 min, LL: 240 min</li>\r\n            <li><strong>Half Load:</strong> S: 30 min, X: 60 min, M: 120 min, L: 240 min, LL: 480 min</li>\r\n        </ul>\r\n\r\n        <p><strong>Note:</strong> Actual series will be indicated with each model depending on back-up time. Capacity and back-up time mentioned are for computer load. For any other application, please contact Micro Control Technology.</p>',NULL,NULL,NULL,'Contact for pricing',0,'{\"Model\": \"OL-100K\", \"Alarms\": {\"UPS Fault\": \"Continuous beeping sound\", \"Battery Discharge\": \"The first warning will beep every 4 seconds to indicate battery in use. The second warning will beep every 1 second to signal battery low condition\"}, \"Battery\": {\"Type\": \"Sealed lead acid battery, Maintenance free battery\", \"Charging Time\": \"About 10 hours 90% after fully discharged\"}, \"Display\": \"LCD Display with advanced monitoring\", \"AC Input\": {\"Voltage\": \"380V AC (Three phase), 25% 20%\", \"Frequency\": \"50/60 Hz 3 Hz\"}, \"Capacity\": \"100KVA\", \"AC Output\": {\"Voltage\": \"380V AC (5% adjustable), Three Phase\", \"Frequency\": \"50/60 Hz\", \"Wave Form\": \"Pure sine wave\", \"Power Factor\": \"0.7 ~ 1 (Lagging)\", \"Transient Response\": \"+4% for 100% instantaneous load variation, recovery to 1% of rated load within 2 ms\", \"Voltage Regulation\": \"1% or 2%\", \"Frequency Stability\": \"0.5%\", \"Harmonic Distortion\": \"<3% Of T.H.D at linear load\"}, \"Interface\": \"Support RS 232/485 for UPS monitoring utility software. Provide power management & diagnostic functions including power status (Input/output voltage, frequency), Battery Low, Schedule UPS ON/OFF, Battery/load level display and more. Compatible with MS Dos, Windows 3.XX/95/98/XP/7/NT & Novell, etc.\", \"Efficiency\": \">90%\", \"Indicators\": {\"Status\": \"Line input (green), Inverter output (green), Bypass (amber), Fault (red)\", \"Load Level\": \"5 green LEDs, 2 red LEDs and red LEDs indicate overload condition\", \"Battery Capacity\": \"5 green LEDs, 2 red LEDs and red LEDs indicate battery low condition\"}, \"Protection\": \"Lightning, Transient/Spike, Surge, Sag, Black Out, Brown out, Flicker, Over voltage, Under voltage, Over Load, Short circuit, Battery over charge, Battery low(deep discharge) & Noise (EMI/RFI) as per International safety standard\", \"Technology\": \"Double conversion SPWM technology\", \"Noise Level\": \"<60 dBA at 1m distance\", \"Transfer Time\": \"0 (zero) ms\", \"Overload Detection\": \"125% for 10 secs. and 150% for 10 cycles. Crest factor 3:1\", \"Back-up Time Options\": {\"Full Load\": \"S: 15 min, X: 30 min, M: 60 min, L: 120 min, LL: 240 min\", \"Half Load\": \"S: 30 min, X: 60 min, M: 120 min, L: 240 min, LL: 480 min\"}, \"Operating Environment\": {\"Humidity\": \"20% - 90% (Non condensing)\", \"Temperature\": \"0C - 40C\"}}','[{\"url\": \"/Product Report/On-Line Catalog2.pdf\", \"name\": \"On-Line Catalog 2\", \"type\": \"pdf\"}]','On-Line UPS OL-100K (100KVA) - Micro Control Technology','High-capacity On-Line UPS system OL-100K with 100KVA capacity. Double conversion SPWM technology, three-phase power, zero transfer time. Ideal for data centers, industrial facilities, and enterprise applications.','online ups, OL-100K, 100KVA, double conversion, SPWM, three phase, LCD display, zero transfer time, enterprise UPS, Micro Control Technology',NULL,1,0,NULL,7,'2025-11-28 15:05:15','2025-11-28 15:05:15',NULL),(25,'IPS System IPS-1K (1KVA)','ips-1k-ips','IPS-1K','Interactive Power Supply (IPS) system with 1KVA capacity. Features fast transfer time, voltage regulation, and reliable battery backup for small to medium applications.','<h2>IPS System IPS-1K - 1KVA</h2>\r\n        <p>Interactive Power Supply (IPS) system designed for small to medium business applications, providing reliable power protection and battery backup with fast transfer time.</p>\r\n        \r\n        <h3>Key Features:</h3>\r\n        <ul>\r\n            <li><strong>Technology:</strong> Interactive Power Supply (IPS) technology</li>\r\n            <li><strong>Fast Transfer Time:</strong> <4 ms</li>\r\n            <li><strong>Voltage Regulation:</strong> 3%</li>\r\n            <li><strong>Surge Protection:</strong> Surge protection, Overload protection, Short circuit protection, Battery low protection, Over voltage protection, Under voltage protection</li>\r\n            <li><strong>Pure Sine Wave:</strong> Pure sine wave</li>\r\n            <li><strong>High Efficiency:</strong> >85%</li>\r\n            <li><strong>LED Indicators:</strong> Line input (green), Battery mode (yellow), Fault (red), Overload (red)</li>\r\n        </ul>\r\n\r\n        <h3>Applications:</h3>\r\n        <ul>\r\n            <li>Small to medium business offices</li>\r\n            <li>Workstations and servers</li>\r\n            <li>Network equipment</li>\r\n            <li>Point of sale systems</li>\r\n            <li>Security systems</li>\r\n            <li>Telecommunications equipment</li>\r\n        </ul>\r\n\r\n        <h3>Technical Specifications:</h3>\r\n        <ul>\r\n            <li><strong>AC Input:</strong> 220V AC 20%, 50/60 Hz 3 Hz</li>\r\n            <li><strong>AC Output:</strong> 220V AC (5% adjustable), 50/60 Hz</li>\r\n            <li><strong>Voltage Regulation:</strong> 3%</li>\r\n            <li><strong>Power Factor:</strong> 0.7 ~ 1 (Lagging)</li>\r\n            <li><strong>Battery:</strong> Sealed lead acid battery, Maintenance free</li>\r\n            <li><strong>Charging Time:</strong> About 8-10 hours after fully discharged</li>\r\n            <li><strong>Operating Environment:</strong> 0C - 40C, 20% - 90% (Non condensing)</li>\r\n            <li><strong>Noise Level:</strong> <50 dBA at 1m distance</li>\r\n        </ul>\r\n\r\n        <p><strong>Note:</strong> Actual specifications may vary. For detailed information and custom configurations, please contact Micro Control Technology.</p>',NULL,NULL,NULL,'Contact for pricing',0,'{\"Model\": \"IPS-1K\", \"Alarms\": {\"Battery Discharge\": \"Audible alarm when battery is low\"}, \"Battery\": {\"Type\": \"Sealed lead acid battery, Maintenance free\", \"Charging Time\": \"About 8-10 hours after fully discharged\"}, \"Display\": \"LCD Display (on select models)\", \"AC Input\": {\"Voltage\": \"220V AC 20%\", \"Frequency\": \"50/60 Hz 3 Hz\"}, \"Capacity\": \"1KVA\", \"AC Output\": {\"Voltage\": \"220V AC (5% adjustable)\", \"Frequency\": \"50/60 Hz\", \"Voltage Regulation\": \"3%\"}, \"Wave Form\": \"Pure sine wave\", \"Efficiency\": \">85%\", \"Indicators\": \"Line input (green), Battery mode (yellow), Fault (red), Overload (red)\", \"Protection\": \"Surge protection, Overload protection, Short circuit protection, Battery low protection, Over voltage protection, Under voltage protection\", \"Technology\": \"Interactive Power Supply (IPS) technology\", \"Noise Level\": \"<50 dBA at 1m distance\", \"Back-up Time\": \"Varies based on load and battery capacity\", \"Power Factor\": \"0.7 ~ 1 (Lagging)\", \"Transfer Time\": \"<4 ms\", \"Operating Environment\": {\"Humidity\": \"20% - 90% (Non condensing)\", \"Temperature\": \"0C - 40C\"}}','[{\"url\": \"/Product Report/IPS Catalog.pdf\", \"name\": \"IPS Catalog\", \"type\": \"pdf\"}]','IPS System IPS-1K (1KVA) - Micro Control Technology','Interactive Power Supply (IPS) system IPS-1K with 1KVA capacity. Fast transfer time, voltage regulation, battery backup. Ideal for small to medium business applications.','ips, interactive power supply, IPS-1K, 1KVA, ups system, battery backup, voltage regulation, Micro Control Technology',NULL,1,1,NULL,1,'2025-11-28 15:05:15','2025-11-28 15:05:15',NULL),(26,'IPS System IPS-2K (2KVA)','ips-2k-ips','IPS-2K','Interactive Power Supply (IPS) system with 2KVA capacity. Features fast transfer time, voltage regulation, and reliable battery backup for small to medium applications.','<h2>IPS System IPS-2K - 2KVA</h2>\r\n        <p>Interactive Power Supply (IPS) system designed for small to medium business applications, providing reliable power protection and battery backup with fast transfer time.</p>\r\n        \r\n        <h3>Key Features:</h3>\r\n        <ul>\r\n            <li><strong>Technology:</strong> Interactive Power Supply (IPS) technology</li>\r\n            <li><strong>Fast Transfer Time:</strong> <4 ms</li>\r\n            <li><strong>Voltage Regulation:</strong> 3%</li>\r\n            <li><strong>Surge Protection:</strong> Surge protection, Overload protection, Short circuit protection, Battery low protection, Over voltage protection, Under voltage protection</li>\r\n            <li><strong>Pure Sine Wave:</strong> Pure sine wave</li>\r\n            <li><strong>High Efficiency:</strong> >85%</li>\r\n            <li><strong>LED Indicators:</strong> Line input (green), Battery mode (yellow), Fault (red), Overload (red)</li>\r\n        </ul>\r\n\r\n        <h3>Applications:</h3>\r\n        <ul>\r\n            <li>Small to medium business offices</li>\r\n            <li>Workstations and servers</li>\r\n            <li>Network equipment</li>\r\n            <li>Point of sale systems</li>\r\n            <li>Security systems</li>\r\n            <li>Telecommunications equipment</li>\r\n        </ul>\r\n\r\n        <h3>Technical Specifications:</h3>\r\n        <ul>\r\n            <li><strong>AC Input:</strong> 220V AC 20%, 50/60 Hz 3 Hz</li>\r\n            <li><strong>AC Output:</strong> 220V AC (5% adjustable), 50/60 Hz</li>\r\n            <li><strong>Voltage Regulation:</strong> 3%</li>\r\n            <li><strong>Power Factor:</strong> 0.7 ~ 1 (Lagging)</li>\r\n            <li><strong>Battery:</strong> Sealed lead acid battery, Maintenance free</li>\r\n            <li><strong>Charging Time:</strong> About 8-10 hours after fully discharged</li>\r\n            <li><strong>Operating Environment:</strong> 0C - 40C, 20% - 90% (Non condensing)</li>\r\n            <li><strong>Noise Level:</strong> <50 dBA at 1m distance</li>\r\n        </ul>\r\n\r\n        <p><strong>Note:</strong> Actual specifications may vary. For detailed information and custom configurations, please contact Micro Control Technology.</p>',NULL,NULL,NULL,'Contact for pricing',0,'{\"Model\": \"IPS-2K\", \"Alarms\": {\"Battery Discharge\": \"Audible alarm when battery is low\"}, \"Battery\": {\"Type\": \"Sealed lead acid battery, Maintenance free\", \"Charging Time\": \"About 8-10 hours after fully discharged\"}, \"Display\": \"LCD Display (on select models)\", \"AC Input\": {\"Voltage\": \"220V AC 20%\", \"Frequency\": \"50/60 Hz 3 Hz\"}, \"Capacity\": \"2KVA\", \"AC Output\": {\"Voltage\": \"220V AC (5% adjustable)\", \"Frequency\": \"50/60 Hz\", \"Voltage Regulation\": \"3%\"}, \"Wave Form\": \"Pure sine wave\", \"Efficiency\": \">85%\", \"Indicators\": \"Line input (green), Battery mode (yellow), Fault (red), Overload (red)\", \"Protection\": \"Surge protection, Overload protection, Short circuit protection, Battery low protection, Over voltage protection, Under voltage protection\", \"Technology\": \"Interactive Power Supply (IPS) technology\", \"Noise Level\": \"<50 dBA at 1m distance\", \"Back-up Time\": \"Varies based on load and battery capacity\", \"Power Factor\": \"0.7 ~ 1 (Lagging)\", \"Transfer Time\": \"<4 ms\", \"Operating Environment\": {\"Humidity\": \"20% - 90% (Non condensing)\", \"Temperature\": \"0C - 40C\"}}','[{\"url\": \"/Product Report/IPS Catalog.pdf\", \"name\": \"IPS Catalog\", \"type\": \"pdf\"}]','IPS System IPS-2K (2KVA) - Micro Control Technology','Interactive Power Supply (IPS) system IPS-2K with 2KVA capacity. Fast transfer time, voltage regulation, battery backup. Ideal for small to medium business applications.','ips, interactive power supply, IPS-2K, 2KVA, ups system, battery backup, voltage regulation, Micro Control Technology',NULL,1,1,NULL,2,'2025-11-28 15:05:15','2025-11-28 15:05:15',NULL),(27,'IPS System IPS-3K (3KVA)','ips-3k-ips','IPS-3K','Interactive Power Supply (IPS) system with 3KVA capacity. Features fast transfer time, voltage regulation, and reliable battery backup for small to medium applications.','<h2>IPS System IPS-3K - 3KVA</h2>\r\n        <p>Interactive Power Supply (IPS) system designed for small to medium business applications, providing reliable power protection and battery backup with fast transfer time.</p>\r\n        \r\n        <h3>Key Features:</h3>\r\n        <ul>\r\n            <li><strong>Technology:</strong> Interactive Power Supply (IPS) technology</li>\r\n            <li><strong>Fast Transfer Time:</strong> <4 ms</li>\r\n            <li><strong>Voltage Regulation:</strong> 3%</li>\r\n            <li><strong>Surge Protection:</strong> Surge protection, Overload protection, Short circuit protection, Battery low protection, Over voltage protection, Under voltage protection</li>\r\n            <li><strong>Pure Sine Wave:</strong> Pure sine wave</li>\r\n            <li><strong>High Efficiency:</strong> >85%</li>\r\n            <li><strong>LED Indicators:</strong> Line input (green), Battery mode (yellow), Fault (red), Overload (red)</li>\r\n        </ul>\r\n\r\n        <h3>Applications:</h3>\r\n        <ul>\r\n            <li>Small to medium business offices</li>\r\n            <li>Workstations and servers</li>\r\n            <li>Network equipment</li>\r\n            <li>Point of sale systems</li>\r\n            <li>Security systems</li>\r\n            <li>Telecommunications equipment</li>\r\n        </ul>\r\n\r\n        <h3>Technical Specifications:</h3>\r\n        <ul>\r\n            <li><strong>AC Input:</strong> 220V AC 20%, 50/60 Hz 3 Hz</li>\r\n            <li><strong>AC Output:</strong> 220V AC (5% adjustable), 50/60 Hz</li>\r\n            <li><strong>Voltage Regulation:</strong> 3%</li>\r\n            <li><strong>Power Factor:</strong> 0.7 ~ 1 (Lagging)</li>\r\n            <li><strong>Battery:</strong> Sealed lead acid battery, Maintenance free</li>\r\n            <li><strong>Charging Time:</strong> About 8-10 hours after fully discharged</li>\r\n            <li><strong>Operating Environment:</strong> 0C - 40C, 20% - 90% (Non condensing)</li>\r\n            <li><strong>Noise Level:</strong> <50 dBA at 1m distance</li>\r\n        </ul>\r\n\r\n        <p><strong>Note:</strong> Actual specifications may vary. For detailed information and custom configurations, please contact Micro Control Technology.</p>',NULL,NULL,NULL,'Contact for pricing',0,'{\"Model\": \"IPS-3K\", \"Alarms\": {\"Battery Discharge\": \"Audible alarm when battery is low\"}, \"Battery\": {\"Type\": \"Sealed lead acid battery, Maintenance free\", \"Charging Time\": \"About 8-10 hours after fully discharged\"}, \"Display\": \"LCD Display (on select models)\", \"AC Input\": {\"Voltage\": \"220V AC 20%\", \"Frequency\": \"50/60 Hz 3 Hz\"}, \"Capacity\": \"3KVA\", \"AC Output\": {\"Voltage\": \"220V AC (5% adjustable)\", \"Frequency\": \"50/60 Hz\", \"Voltage Regulation\": \"3%\"}, \"Wave Form\": \"Pure sine wave\", \"Efficiency\": \">85%\", \"Indicators\": \"Line input (green), Battery mode (yellow), Fault (red), Overload (red)\", \"Protection\": \"Surge protection, Overload protection, Short circuit protection, Battery low protection, Over voltage protection, Under voltage protection\", \"Technology\": \"Interactive Power Supply (IPS) technology\", \"Noise Level\": \"<50 dBA at 1m distance\", \"Back-up Time\": \"Varies based on load and battery capacity\", \"Power Factor\": \"0.7 ~ 1 (Lagging)\", \"Transfer Time\": \"<4 ms\", \"Operating Environment\": {\"Humidity\": \"20% - 90% (Non condensing)\", \"Temperature\": \"0C - 40C\"}}','[{\"url\": \"/Product Report/IPS Catalog.pdf\", \"name\": \"IPS Catalog\", \"type\": \"pdf\"}]','IPS System IPS-3K (3KVA) - Micro Control Technology','Interactive Power Supply (IPS) system IPS-3K with 3KVA capacity. Fast transfer time, voltage regulation, battery backup. Ideal for small to medium business applications.','ips, interactive power supply, IPS-3K, 3KVA, ups system, battery backup, voltage regulation, Micro Control Technology',NULL,1,1,NULL,3,'2025-11-28 15:05:15','2025-11-28 15:05:15',NULL),(28,'IPS System IPS-5K (5KVA)','ips-5k-ips','IPS-5K','Interactive Power Supply (IPS) system with 5KVA capacity. Features fast transfer time, voltage regulation, and reliable battery backup for small to medium applications.','<h2>IPS System IPS-5K - 5KVA</h2>\r\n        <p>Interactive Power Supply (IPS) system designed for small to medium business applications, providing reliable power protection and battery backup with fast transfer time.</p>\r\n        \r\n        <h3>Key Features:</h3>\r\n        <ul>\r\n            <li><strong>Technology:</strong> Interactive Power Supply (IPS) technology</li>\r\n            <li><strong>Fast Transfer Time:</strong> <4 ms</li>\r\n            <li><strong>Voltage Regulation:</strong> 3%</li>\r\n            <li><strong>Surge Protection:</strong> Surge protection, Overload protection, Short circuit protection, Battery low protection, Over voltage protection, Under voltage protection</li>\r\n            <li><strong>Pure Sine Wave:</strong> Pure sine wave</li>\r\n            <li><strong>High Efficiency:</strong> >85%</li>\r\n            <li><strong>LED Indicators:</strong> Line input (green), Battery mode (yellow), Fault (red), Overload (red)</li>\r\n        </ul>\r\n\r\n        <h3>Applications:</h3>\r\n        <ul>\r\n            <li>Small to medium business offices</li>\r\n            <li>Workstations and servers</li>\r\n            <li>Network equipment</li>\r\n            <li>Point of sale systems</li>\r\n            <li>Security systems</li>\r\n            <li>Telecommunications equipment</li>\r\n        </ul>\r\n\r\n        <h3>Technical Specifications:</h3>\r\n        <ul>\r\n            <li><strong>AC Input:</strong> 220V AC 20%, 50/60 Hz 3 Hz</li>\r\n            <li><strong>AC Output:</strong> 220V AC (5% adjustable), 50/60 Hz</li>\r\n            <li><strong>Voltage Regulation:</strong> 3%</li>\r\n            <li><strong>Power Factor:</strong> 0.7 ~ 1 (Lagging)</li>\r\n            <li><strong>Battery:</strong> Sealed lead acid battery, Maintenance free</li>\r\n            <li><strong>Charging Time:</strong> About 8-10 hours after fully discharged</li>\r\n            <li><strong>Operating Environment:</strong> 0C - 40C, 20% - 90% (Non condensing)</li>\r\n            <li><strong>Noise Level:</strong> <50 dBA at 1m distance</li>\r\n        </ul>\r\n\r\n        <p><strong>Note:</strong> Actual specifications may vary. For detailed information and custom configurations, please contact Micro Control Technology.</p>',NULL,NULL,NULL,'Contact for pricing',0,'{\"Model\": \"IPS-5K\", \"Alarms\": {\"Battery Discharge\": \"Audible alarm when battery is low\"}, \"Battery\": {\"Type\": \"Sealed lead acid battery, Maintenance free\", \"Charging Time\": \"About 8-10 hours after fully discharged\"}, \"Display\": \"LCD Display (on select models)\", \"AC Input\": {\"Voltage\": \"220V AC 20%\", \"Frequency\": \"50/60 Hz 3 Hz\"}, \"Capacity\": \"5KVA\", \"AC Output\": {\"Voltage\": \"220V AC (5% adjustable)\", \"Frequency\": \"50/60 Hz\", \"Voltage Regulation\": \"3%\"}, \"Wave Form\": \"Pure sine wave\", \"Efficiency\": \">85%\", \"Indicators\": \"Line input (green), Battery mode (yellow), Fault (red), Overload (red)\", \"Protection\": \"Surge protection, Overload protection, Short circuit protection, Battery low protection, Over voltage protection, Under voltage protection\", \"Technology\": \"Interactive Power Supply (IPS) technology\", \"Noise Level\": \"<50 dBA at 1m distance\", \"Back-up Time\": \"Varies based on load and battery capacity\", \"Power Factor\": \"0.7 ~ 1 (Lagging)\", \"Transfer Time\": \"<4 ms\", \"Operating Environment\": {\"Humidity\": \"20% - 90% (Non condensing)\", \"Temperature\": \"0C - 40C\"}}','[{\"url\": \"/Product Report/IPS Catalog.pdf\", \"name\": \"IPS Catalog\", \"type\": \"pdf\"}]','IPS System IPS-5K (5KVA) - Micro Control Technology','Interactive Power Supply (IPS) system IPS-5K with 5KVA capacity. Fast transfer time, voltage regulation, battery backup. Ideal for small to medium business applications.','ips, interactive power supply, IPS-5K, 5KVA, ups system, battery backup, voltage regulation, Micro Control Technology',NULL,1,0,NULL,4,'2025-11-28 15:05:15','2025-11-28 15:05:15',NULL),(29,'IPS System IPS-6K (6KVA)','ips-6k-ips','IPS-6K','Interactive Power Supply (IPS) system with 6KVA capacity. Features fast transfer time, voltage regulation, and reliable battery backup for small to medium applications.','<h2>IPS System IPS-6K - 6KVA</h2>\r\n        <p>Interactive Power Supply (IPS) system designed for small to medium business applications, providing reliable power protection and battery backup with fast transfer time.</p>\r\n        \r\n        <h3>Key Features:</h3>\r\n        <ul>\r\n            <li><strong>Technology:</strong> Interactive Power Supply (IPS) technology</li>\r\n            <li><strong>Fast Transfer Time:</strong> <4 ms</li>\r\n            <li><strong>Voltage Regulation:</strong> 3%</li>\r\n            <li><strong>Surge Protection:</strong> Surge protection, Overload protection, Short circuit protection, Battery low protection, Over voltage protection, Under voltage protection</li>\r\n            <li><strong>Pure Sine Wave:</strong> Pure sine wave</li>\r\n            <li><strong>High Efficiency:</strong> >85%</li>\r\n            <li><strong>LED Indicators:</strong> Line input (green), Battery mode (yellow), Fault (red), Overload (red)</li>\r\n        </ul>\r\n\r\n        <h3>Applications:</h3>\r\n        <ul>\r\n            <li>Small to medium business offices</li>\r\n            <li>Workstations and servers</li>\r\n            <li>Network equipment</li>\r\n            <li>Point of sale systems</li>\r\n            <li>Security systems</li>\r\n            <li>Telecommunications equipment</li>\r\n        </ul>\r\n\r\n        <h3>Technical Specifications:</h3>\r\n        <ul>\r\n            <li><strong>AC Input:</strong> 220V AC 20%, 50/60 Hz 3 Hz</li>\r\n            <li><strong>AC Output:</strong> 220V AC (5% adjustable), 50/60 Hz</li>\r\n            <li><strong>Voltage Regulation:</strong> 3%</li>\r\n            <li><strong>Power Factor:</strong> 0.7 ~ 1 (Lagging)</li>\r\n            <li><strong>Battery:</strong> Sealed lead acid battery, Maintenance free</li>\r\n            <li><strong>Charging Time:</strong> About 8-10 hours after fully discharged</li>\r\n            <li><strong>Operating Environment:</strong> 0C - 40C, 20% - 90% (Non condensing)</li>\r\n            <li><strong>Noise Level:</strong> <50 dBA at 1m distance</li>\r\n        </ul>\r\n\r\n        <p><strong>Note:</strong> Actual specifications may vary. For detailed information and custom configurations, please contact Micro Control Technology.</p>',NULL,NULL,NULL,'Contact for pricing',0,'{\"Model\": \"IPS-6K\", \"Alarms\": {\"Battery Discharge\": \"Audible alarm when battery is low\"}, \"Battery\": {\"Type\": \"Sealed lead acid battery, Maintenance free\", \"Charging Time\": \"About 8-10 hours after fully discharged\"}, \"Display\": \"LCD Display (on select models)\", \"AC Input\": {\"Voltage\": \"220V AC 20%\", \"Frequency\": \"50/60 Hz 3 Hz\"}, \"Capacity\": \"6KVA\", \"AC Output\": {\"Voltage\": \"220V AC (5% adjustable)\", \"Frequency\": \"50/60 Hz\", \"Voltage Regulation\": \"3%\"}, \"Wave Form\": \"Pure sine wave\", \"Efficiency\": \">85%\", \"Indicators\": \"Line input (green), Battery mode (yellow), Fault (red), Overload (red)\", \"Protection\": \"Surge protection, Overload protection, Short circuit protection, Battery low protection, Over voltage protection, Under voltage protection\", \"Technology\": \"Interactive Power Supply (IPS) technology\", \"Noise Level\": \"<50 dBA at 1m distance\", \"Back-up Time\": \"Varies based on load and battery capacity\", \"Power Factor\": \"0.7 ~ 1 (Lagging)\", \"Transfer Time\": \"<4 ms\", \"Operating Environment\": {\"Humidity\": \"20% - 90% (Non condensing)\", \"Temperature\": \"0C - 40C\"}}','[{\"url\": \"/Product Report/IPS Catalog.pdf\", \"name\": \"IPS Catalog\", \"type\": \"pdf\"}]','IPS System IPS-6K (6KVA) - Micro Control Technology','Interactive Power Supply (IPS) system IPS-6K with 6KVA capacity. Fast transfer time, voltage regulation, battery backup. Ideal for small to medium business applications.','ips, interactive power supply, IPS-6K, 6KVA, ups system, battery backup, voltage regulation, Micro Control Technology',NULL,1,0,NULL,5,'2025-11-28 15:05:15','2025-11-28 15:05:15',NULL),(30,'IPS System IPS-10K (10KVA)','ips-10k-ips','IPS-10K','Interactive Power Supply (IPS) system with 10KVA capacity. Features fast transfer time, voltage regulation, and reliable battery backup for small to medium applications.','<h2>IPS System IPS-10K - 10KVA</h2>\r\n        <p>Interactive Power Supply (IPS) system designed for small to medium business applications, providing reliable power protection and battery backup with fast transfer time.</p>\r\n        \r\n        <h3>Key Features:</h3>\r\n        <ul>\r\n            <li><strong>Technology:</strong> Interactive Power Supply (IPS) technology</li>\r\n            <li><strong>Fast Transfer Time:</strong> <4 ms</li>\r\n            <li><strong>Voltage Regulation:</strong> 3%</li>\r\n            <li><strong>Surge Protection:</strong> Surge protection, Overload protection, Short circuit protection, Battery low protection, Over voltage protection, Under voltage protection</li>\r\n            <li><strong>Pure Sine Wave:</strong> Pure sine wave</li>\r\n            <li><strong>High Efficiency:</strong> >85%</li>\r\n            <li><strong>LED Indicators:</strong> Line input (green), Battery mode (yellow), Fault (red), Overload (red)</li>\r\n        </ul>\r\n\r\n        <h3>Applications:</h3>\r\n        <ul>\r\n            <li>Small to medium business offices</li>\r\n            <li>Workstations and servers</li>\r\n            <li>Network equipment</li>\r\n            <li>Point of sale systems</li>\r\n            <li>Security systems</li>\r\n            <li>Telecommunications equipment</li>\r\n        </ul>\r\n\r\n        <h3>Technical Specifications:</h3>\r\n        <ul>\r\n            <li><strong>AC Input:</strong> 220V AC 20%, 50/60 Hz 3 Hz</li>\r\n            <li><strong>AC Output:</strong> 220V AC (5% adjustable), 50/60 Hz</li>\r\n            <li><strong>Voltage Regulation:</strong> 3%</li>\r\n            <li><strong>Power Factor:</strong> 0.7 ~ 1 (Lagging)</li>\r\n            <li><strong>Battery:</strong> Sealed lead acid battery, Maintenance free</li>\r\n            <li><strong>Charging Time:</strong> About 8-10 hours after fully discharged</li>\r\n            <li><strong>Operating Environment:</strong> 0C - 40C, 20% - 90% (Non condensing)</li>\r\n            <li><strong>Noise Level:</strong> <50 dBA at 1m distance</li>\r\n        </ul>\r\n\r\n        <p><strong>Note:</strong> Actual specifications may vary. For detailed information and custom configurations, please contact Micro Control Technology.</p>',NULL,NULL,NULL,'Contact for pricing',0,'{\"Model\": \"IPS-10K\", \"Alarms\": {\"Battery Discharge\": \"Audible alarm when battery is low\"}, \"Battery\": {\"Type\": \"Sealed lead acid battery, Maintenance free\", \"Charging Time\": \"About 8-10 hours after fully discharged\"}, \"Display\": \"LCD Display (on select models)\", \"AC Input\": {\"Voltage\": \"220V AC 20%\", \"Frequency\": \"50/60 Hz 3 Hz\"}, \"Capacity\": \"10KVA\", \"AC Output\": {\"Voltage\": \"220V AC (5% adjustable)\", \"Frequency\": \"50/60 Hz\", \"Voltage Regulation\": \"3%\"}, \"Wave Form\": \"Pure sine wave\", \"Efficiency\": \">85%\", \"Indicators\": \"Line input (green), Battery mode (yellow), Fault (red), Overload (red)\", \"Protection\": \"Surge protection, Overload protection, Short circuit protection, Battery low protection, Over voltage protection, Under voltage protection\", \"Technology\": \"Interactive Power Supply (IPS) technology\", \"Noise Level\": \"<50 dBA at 1m distance\", \"Back-up Time\": \"Varies based on load and battery capacity\", \"Power Factor\": \"0.7 ~ 1 (Lagging)\", \"Transfer Time\": \"<4 ms\", \"Operating Environment\": {\"Humidity\": \"20% - 90% (Non condensing)\", \"Temperature\": \"0C - 40C\"}}','[{\"url\": \"/Product Report/IPS Catalog.pdf\", \"name\": \"IPS Catalog\", \"type\": \"pdf\"}]','IPS System IPS-10K (10KVA) - Micro Control Technology','Interactive Power Supply (IPS) system IPS-10K with 10KVA capacity. Fast transfer time, voltage regulation, battery backup. Ideal for small to medium business applications.','ips, interactive power supply, IPS-10K, 10KVA, ups system, battery backup, voltage regulation, Micro Control Technology',NULL,1,0,NULL,6,'2025-11-28 15:05:15','2025-11-28 15:05:15',NULL),(31,'IPS System IPS-15K (15KVA)','ips-15k-ips','IPS-15K','Interactive Power Supply (IPS) system with 15KVA capacity. Features fast transfer time, voltage regulation, and reliable battery backup for small to medium applications.','<h2>IPS System IPS-15K - 15KVA</h2>\r\n        <p>Interactive Power Supply (IPS) system designed for small to medium business applications, providing reliable power protection and battery backup with fast transfer time.</p>\r\n        \r\n        <h3>Key Features:</h3>\r\n        <ul>\r\n            <li><strong>Technology:</strong> Interactive Power Supply (IPS) technology</li>\r\n            <li><strong>Fast Transfer Time:</strong> <4 ms</li>\r\n            <li><strong>Voltage Regulation:</strong> 3%</li>\r\n            <li><strong>Surge Protection:</strong> Surge protection, Overload protection, Short circuit protection, Battery low protection, Over voltage protection, Under voltage protection</li>\r\n            <li><strong>Pure Sine Wave:</strong> Pure sine wave</li>\r\n            <li><strong>High Efficiency:</strong> >85%</li>\r\n            <li><strong>LED Indicators:</strong> Line input (green), Battery mode (yellow), Fault (red), Overload (red)</li>\r\n        </ul>\r\n\r\n        <h3>Applications:</h3>\r\n        <ul>\r\n            <li>Small to medium business offices</li>\r\n            <li>Workstations and servers</li>\r\n            <li>Network equipment</li>\r\n            <li>Point of sale systems</li>\r\n            <li>Security systems</li>\r\n            <li>Telecommunications equipment</li>\r\n        </ul>\r\n\r\n        <h3>Technical Specifications:</h3>\r\n        <ul>\r\n            <li><strong>AC Input:</strong> 220V AC 20%, 50/60 Hz 3 Hz</li>\r\n            <li><strong>AC Output:</strong> 220V AC (5% adjustable), 50/60 Hz</li>\r\n            <li><strong>Voltage Regulation:</strong> 3%</li>\r\n            <li><strong>Power Factor:</strong> 0.7 ~ 1 (Lagging)</li>\r\n            <li><strong>Battery:</strong> Sealed lead acid battery, Maintenance free</li>\r\n            <li><strong>Charging Time:</strong> About 8-10 hours after fully discharged</li>\r\n            <li><strong>Operating Environment:</strong> 0C - 40C, 20% - 90% (Non condensing)</li>\r\n            <li><strong>Noise Level:</strong> <50 dBA at 1m distance</li>\r\n        </ul>\r\n\r\n        <p><strong>Note:</strong> Actual specifications may vary. For detailed information and custom configurations, please contact Micro Control Technology.</p>',NULL,NULL,NULL,'Contact for pricing',0,'{\"Model\": \"IPS-15K\", \"Alarms\": {\"Battery Discharge\": \"Audible alarm when battery is low\"}, \"Battery\": {\"Type\": \"Sealed lead acid battery, Maintenance free\", \"Charging Time\": \"About 8-10 hours after fully discharged\"}, \"Display\": \"LCD Display (on select models)\", \"AC Input\": {\"Voltage\": \"220V AC 20%\", \"Frequency\": \"50/60 Hz 3 Hz\"}, \"Capacity\": \"15KVA\", \"AC Output\": {\"Voltage\": \"220V AC (5% adjustable)\", \"Frequency\": \"50/60 Hz\", \"Voltage Regulation\": \"3%\"}, \"Wave Form\": \"Pure sine wave\", \"Efficiency\": \">85%\", \"Indicators\": \"Line input (green), Battery mode (yellow), Fault (red), Overload (red)\", \"Protection\": \"Surge protection, Overload protection, Short circuit protection, Battery low protection, Over voltage protection, Under voltage protection\", \"Technology\": \"Interactive Power Supply (IPS) technology\", \"Noise Level\": \"<50 dBA at 1m distance\", \"Back-up Time\": \"Varies based on load and battery capacity\", \"Power Factor\": \"0.7 ~ 1 (Lagging)\", \"Transfer Time\": \"<4 ms\", \"Operating Environment\": {\"Humidity\": \"20% - 90% (Non condensing)\", \"Temperature\": \"0C - 40C\"}}','[{\"url\": \"/Product Report/IPS Catalog.pdf\", \"name\": \"IPS Catalog\", \"type\": \"pdf\"}]','IPS System IPS-15K (15KVA) - Micro Control Technology','Interactive Power Supply (IPS) system IPS-15K with 15KVA capacity. Fast transfer time, voltage regulation, battery backup. Ideal for small to medium business applications.','ips, interactive power supply, IPS-15K, 15KVA, ups system, battery backup, voltage regulation, Micro Control Technology',NULL,1,0,NULL,7,'2025-11-28 15:05:15','2025-11-28 15:05:15',NULL),(32,'IPS System IPS-20K (20KVA)','ips-20k-ips','IPS-20K','Interactive Power Supply (IPS) system with 20KVA capacity. Features fast transfer time, voltage regulation, and reliable battery backup for small to medium applications.','<h2>IPS System IPS-20K - 20KVA</h2>\r\n        <p>Interactive Power Supply (IPS) system designed for small to medium business applications, providing reliable power protection and battery backup with fast transfer time.</p>\r\n        \r\n        <h3>Key Features:</h3>\r\n        <ul>\r\n            <li><strong>Technology:</strong> Interactive Power Supply (IPS) technology</li>\r\n            <li><strong>Fast Transfer Time:</strong> <4 ms</li>\r\n            <li><strong>Voltage Regulation:</strong> 3%</li>\r\n            <li><strong>Surge Protection:</strong> Surge protection, Overload protection, Short circuit protection, Battery low protection, Over voltage protection, Under voltage protection</li>\r\n            <li><strong>Pure Sine Wave:</strong> Pure sine wave</li>\r\n            <li><strong>High Efficiency:</strong> >85%</li>\r\n            <li><strong>LED Indicators:</strong> Line input (green), Battery mode (yellow), Fault (red), Overload (red)</li>\r\n        </ul>\r\n\r\n        <h3>Applications:</h3>\r\n        <ul>\r\n            <li>Small to medium business offices</li>\r\n            <li>Workstations and servers</li>\r\n            <li>Network equipment</li>\r\n            <li>Point of sale systems</li>\r\n            <li>Security systems</li>\r\n            <li>Telecommunications equipment</li>\r\n        </ul>\r\n\r\n        <h3>Technical Specifications:</h3>\r\n        <ul>\r\n            <li><strong>AC Input:</strong> 220V AC 20%, 50/60 Hz 3 Hz</li>\r\n            <li><strong>AC Output:</strong> 220V AC (5% adjustable), 50/60 Hz</li>\r\n            <li><strong>Voltage Regulation:</strong> 3%</li>\r\n            <li><strong>Power Factor:</strong> 0.7 ~ 1 (Lagging)</li>\r\n            <li><strong>Battery:</strong> Sealed lead acid battery, Maintenance free</li>\r\n            <li><strong>Charging Time:</strong> About 8-10 hours after fully discharged</li>\r\n            <li><strong>Operating Environment:</strong> 0C - 40C, 20% - 90% (Non condensing)</li>\r\n            <li><strong>Noise Level:</strong> <50 dBA at 1m distance</li>\r\n        </ul>\r\n\r\n        <p><strong>Note:</strong> Actual specifications may vary. For detailed information and custom configurations, please contact Micro Control Technology.</p>',NULL,NULL,NULL,'Contact for pricing',0,'{\"Model\": \"IPS-20K\", \"Alarms\": {\"Battery Discharge\": \"Audible alarm when battery is low\"}, \"Battery\": {\"Type\": \"Sealed lead acid battery, Maintenance free\", \"Charging Time\": \"About 8-10 hours after fully discharged\"}, \"Display\": \"LCD Display (on select models)\", \"AC Input\": {\"Voltage\": \"220V AC 20%\", \"Frequency\": \"50/60 Hz 3 Hz\"}, \"Capacity\": \"20KVA\", \"AC Output\": {\"Voltage\": \"220V AC (5% adjustable)\", \"Frequency\": \"50/60 Hz\", \"Voltage Regulation\": \"3%\"}, \"Wave Form\": \"Pure sine wave\", \"Efficiency\": \">85%\", \"Indicators\": \"Line input (green), Battery mode (yellow), Fault (red), Overload (red)\", \"Protection\": \"Surge protection, Overload protection, Short circuit protection, Battery low protection, Over voltage protection, Under voltage protection\", \"Technology\": \"Interactive Power Supply (IPS) technology\", \"Noise Level\": \"<50 dBA at 1m distance\", \"Back-up Time\": \"Varies based on load and battery capacity\", \"Power Factor\": \"0.7 ~ 1 (Lagging)\", \"Transfer Time\": \"<4 ms\", \"Operating Environment\": {\"Humidity\": \"20% - 90% (Non condensing)\", \"Temperature\": \"0C - 40C\"}}','[{\"url\": \"/Product Report/IPS Catalog.pdf\", \"name\": \"IPS Catalog\", \"type\": \"pdf\"}]','IPS System IPS-20K (20KVA) - Micro Control Technology','Interactive Power Supply (IPS) system IPS-20K with 20KVA capacity. Fast transfer time, voltage regulation, battery backup. Ideal for small to medium business applications.','ips, interactive power supply, IPS-20K, 20KVA, ups system, battery backup, voltage regulation, Micro Control Technology',NULL,1,0,NULL,8,'2025-11-28 15:05:15','2025-11-28 15:05:15',NULL),(33,'Voltage Stabilizer STB-500 (500VA)','stb-500-stabilizer','STB-500','Servo motor controlled voltage stabilizer with 500VA capacity. Features fast response time, high efficiency, and comprehensive protection for sensitive equipment.','<h2>Voltage Stabilizer STB-500 - 500VA</h2>\r\n        <p>Servo motor controlled voltage stabilizer designed to protect sensitive electronic equipment from voltage fluctuations, ensuring stable and regulated power supply.</p>\r\n        \r\n        <h3>Key Features:</h3>\r\n        <ul>\r\n            <li><strong>Technology:</strong> Servo motor controlled voltage stabilizer</li>\r\n            <li><strong>Fast Response Time:</strong> <0.5 seconds</li>\r\n            <li><strong>High Efficiency:</strong> >95%</li>\r\n            <li><strong>Wide Input Range:</strong> 140V - 260V AC</li>\r\n            <li><strong>Stable Output:</strong> 220V AC 3%</li>\r\n            <li><strong>Comprehensive Protection:</strong> Over voltage protection, Under voltage protection, Overload protection, Short circuit protection, Thermal protection</li>\r\n            <li><strong>LED Indicators:</strong> Input voltage (green), Output voltage (green), Overload (red), Fault (red)</li>\r\n        </ul>\r\n\r\n        <h3>Applications:</h3>\r\n        <ul>\r\n            <li>Home appliances (TV, Refrigerator, AC, etc.)</li>\r\n            <li>Office equipment (Computers, Printers, etc.)</li>\r\n            <li>Industrial equipment</li>\r\n            <li>Medical equipment</li>\r\n            <li>Telecommunications equipment</li>\r\n            <li>Laboratory equipment</li>\r\n        </ul>\r\n\r\n        <h3>Technical Specifications:</h3>\r\n        <ul>\r\n            <li><strong>Input Voltage Range:</strong> 140V - 260V AC</li>\r\n            <li><strong>Output Voltage:</strong> 220V AC 3%</li>\r\n            <li><strong>Input Frequency:</strong> 50/60 Hz</li>\r\n            <li><strong>Output Frequency:</strong> 50/60 Hz</li>\r\n            <li><strong>Voltage Regulation:</strong> 3%</li>\r\n            <li><strong>Response Time:</strong> <0.5 seconds</li>\r\n            <li><strong>Efficiency:</strong> >95%</li>\r\n            <li><strong>Power Factor:</strong> 0.8 ~ 1 (Lagging)</li>\r\n            <li><strong>Operating Environment:</strong> 0C - 45C, 20% - 90% (Non condensing)</li>\r\n            <li><strong>Noise Level:</strong> <40 dBA at 1m distance</li>\r\n        </ul>\r\n\r\n        <p><strong>Note:</strong> Actual specifications may vary. For detailed information and custom configurations, please contact Micro Control Technology.</p>',NULL,NULL,NULL,'Contact for pricing',0,'{\"Input\": {\"Frequency\": \"50/60 Hz\", \"Voltage Range\": \"140V - 260V AC\"}, \"Model\": \"STB-500\", \"Output\": {\"Voltage\": \"220V AC 3%\", \"Frequency\": \"50/60 Hz\", \"Voltage Regulation\": \"3%\"}, \"Cooling\": \"Natural air cooling / Forced air cooling (on higher capacity models)\", \"Display\": \"Digital voltage display (on select models)\", \"Capacity\": \"500VA\", \"Indicators\": \"Input voltage (green), Output voltage (green), Overload (red), Fault (red)\", \"Protection\": \"Over voltage protection, Under voltage protection, Overload protection, Short circuit protection, Thermal protection\", \"Technology\": \"Servo motor controlled voltage stabilizer\", \"Noise Level\": \"<40 dBA at 1m distance\", \"Performance\": {\"Efficiency\": \">95%\", \"Power Factor\": \"0.8 ~ 1 (Lagging)\", \"Response Time\": \"<0.5 seconds\"}, \"Operating Environment\": {\"Humidity\": \"20% - 90% (Non condensing)\", \"Temperature\": \"0C - 45C\"}}','[{\"url\": \"/Product Report/Stabilizer1.pdf\", \"name\": \"Stabilizer Catalog 1\", \"type\": \"pdf\"}]','Voltage Stabilizer STB-500 (500VA) - Micro Control Technology','Servo motor controlled voltage stabilizer STB-500 with 500VA capacity. Fast response time, high efficiency, comprehensive protection. Ideal for protecting sensitive electronic equipment.','voltage stabilizer, STB-500, 500VA, servo motor, voltage regulation, power protection, Micro Control Technology',NULL,1,1,NULL,1,'2025-11-28 15:05:15','2025-11-28 15:05:15',NULL),(34,'Voltage Stabilizer STB-1000 (1000VA)','stb-1000-stabilizer','STB-1000','Servo motor controlled voltage stabilizer with 1000VA capacity. Features fast response time, high efficiency, and comprehensive protection for sensitive equipment.','<h2>Voltage Stabilizer STB-1000 - 1000VA</h2>\r\n        <p>Servo motor controlled voltage stabilizer designed to protect sensitive electronic equipment from voltage fluctuations, ensuring stable and regulated power supply.</p>\r\n        \r\n        <h3>Key Features:</h3>\r\n        <ul>\r\n            <li><strong>Technology:</strong> Servo motor controlled voltage stabilizer</li>\r\n            <li><strong>Fast Response Time:</strong> <0.5 seconds</li>\r\n            <li><strong>High Efficiency:</strong> >95%</li>\r\n            <li><strong>Wide Input Range:</strong> 140V - 260V AC</li>\r\n            <li><strong>Stable Output:</strong> 220V AC 3%</li>\r\n            <li><strong>Comprehensive Protection:</strong> Over voltage protection, Under voltage protection, Overload protection, Short circuit protection, Thermal protection</li>\r\n            <li><strong>LED Indicators:</strong> Input voltage (green), Output voltage (green), Overload (red), Fault (red)</li>\r\n        </ul>\r\n\r\n        <h3>Applications:</h3>\r\n        <ul>\r\n            <li>Home appliances (TV, Refrigerator, AC, etc.)</li>\r\n            <li>Office equipment (Computers, Printers, etc.)</li>\r\n            <li>Industrial equipment</li>\r\n            <li>Medical equipment</li>\r\n            <li>Telecommunications equipment</li>\r\n            <li>Laboratory equipment</li>\r\n        </ul>\r\n\r\n        <h3>Technical Specifications:</h3>\r\n        <ul>\r\n            <li><strong>Input Voltage Range:</strong> 140V - 260V AC</li>\r\n            <li><strong>Output Voltage:</strong> 220V AC 3%</li>\r\n            <li><strong>Input Frequency:</strong> 50/60 Hz</li>\r\n            <li><strong>Output Frequency:</strong> 50/60 Hz</li>\r\n            <li><strong>Voltage Regulation:</strong> 3%</li>\r\n            <li><strong>Response Time:</strong> <0.5 seconds</li>\r\n            <li><strong>Efficiency:</strong> >95%</li>\r\n            <li><strong>Power Factor:</strong> 0.8 ~ 1 (Lagging)</li>\r\n            <li><strong>Operating Environment:</strong> 0C - 45C, 20% - 90% (Non condensing)</li>\r\n            <li><strong>Noise Level:</strong> <40 dBA at 1m distance</li>\r\n        </ul>\r\n\r\n        <p><strong>Note:</strong> Actual specifications may vary. For detailed information and custom configurations, please contact Micro Control Technology.</p>',NULL,NULL,NULL,'Contact for pricing',0,'{\"Input\": {\"Frequency\": \"50/60 Hz\", \"Voltage Range\": \"140V - 260V AC\"}, \"Model\": \"STB-1000\", \"Output\": {\"Voltage\": \"220V AC 3%\", \"Frequency\": \"50/60 Hz\", \"Voltage Regulation\": \"3%\"}, \"Cooling\": \"Natural air cooling / Forced air cooling (on higher capacity models)\", \"Display\": \"Digital voltage display (on select models)\", \"Capacity\": \"1000VA\", \"Indicators\": \"Input voltage (green), Output voltage (green), Overload (red), Fault (red)\", \"Protection\": \"Over voltage protection, Under voltage protection, Overload protection, Short circuit protection, Thermal protection\", \"Technology\": \"Servo motor controlled voltage stabilizer\", \"Noise Level\": \"<40 dBA at 1m distance\", \"Performance\": {\"Efficiency\": \">95%\", \"Power Factor\": \"0.8 ~ 1 (Lagging)\", \"Response Time\": \"<0.5 seconds\"}, \"Operating Environment\": {\"Humidity\": \"20% - 90% (Non condensing)\", \"Temperature\": \"0C - 45C\"}}','[{\"url\": \"/Product Report/Stabilizer1.pdf\", \"name\": \"Stabilizer Catalog 1\", \"type\": \"pdf\"}]','Voltage Stabilizer STB-1000 (1000VA) - Micro Control Technology','Servo motor controlled voltage stabilizer STB-1000 with 1000VA capacity. Fast response time, high efficiency, comprehensive protection. Ideal for protecting sensitive electronic equipment.','voltage stabilizer, STB-1000, 1000VA, servo motor, voltage regulation, power protection, Micro Control Technology',NULL,1,1,NULL,2,'2025-11-28 15:05:15','2025-11-28 15:05:15',NULL),(35,'Voltage Stabilizer STB-2000 (2000VA)','stb-2000-stabilizer','STB-2000','Servo motor controlled voltage stabilizer with 2000VA capacity. Features fast response time, high efficiency, and comprehensive protection for sensitive equipment.','<h2>Voltage Stabilizer STB-2000 - 2000VA</h2>\r\n        <p>Servo motor controlled voltage stabilizer designed to protect sensitive electronic equipment from voltage fluctuations, ensuring stable and regulated power supply.</p>\r\n        \r\n        <h3>Key Features:</h3>\r\n        <ul>\r\n            <li><strong>Technology:</strong> Servo motor controlled voltage stabilizer</li>\r\n            <li><strong>Fast Response Time:</strong> <0.5 seconds</li>\r\n            <li><strong>High Efficiency:</strong> >95%</li>\r\n            <li><strong>Wide Input Range:</strong> 140V - 260V AC</li>\r\n            <li><strong>Stable Output:</strong> 220V AC 3%</li>\r\n            <li><strong>Comprehensive Protection:</strong> Over voltage protection, Under voltage protection, Overload protection, Short circuit protection, Thermal protection</li>\r\n            <li><strong>LED Indicators:</strong> Input voltage (green), Output voltage (green), Overload (red), Fault (red)</li>\r\n        </ul>\r\n\r\n        <h3>Applications:</h3>\r\n        <ul>\r\n            <li>Home appliances (TV, Refrigerator, AC, etc.)</li>\r\n            <li>Office equipment (Computers, Printers, etc.)</li>\r\n            <li>Industrial equipment</li>\r\n            <li>Medical equipment</li>\r\n            <li>Telecommunications equipment</li>\r\n            <li>Laboratory equipment</li>\r\n        </ul>\r\n\r\n        <h3>Technical Specifications:</h3>\r\n        <ul>\r\n            <li><strong>Input Voltage Range:</strong> 140V - 260V AC</li>\r\n            <li><strong>Output Voltage:</strong> 220V AC 3%</li>\r\n            <li><strong>Input Frequency:</strong> 50/60 Hz</li>\r\n            <li><strong>Output Frequency:</strong> 50/60 Hz</li>\r\n            <li><strong>Voltage Regulation:</strong> 3%</li>\r\n            <li><strong>Response Time:</strong> <0.5 seconds</li>\r\n            <li><strong>Efficiency:</strong> >95%</li>\r\n            <li><strong>Power Factor:</strong> 0.8 ~ 1 (Lagging)</li>\r\n            <li><strong>Operating Environment:</strong> 0C - 45C, 20% - 90% (Non condensing)</li>\r\n            <li><strong>Noise Level:</strong> <40 dBA at 1m distance</li>\r\n        </ul>\r\n\r\n        <p><strong>Note:</strong> Actual specifications may vary. For detailed information and custom configurations, please contact Micro Control Technology.</p>',NULL,NULL,NULL,'Contact for pricing',0,'{\"Input\": {\"Frequency\": \"50/60 Hz\", \"Voltage Range\": \"140V - 260V AC\"}, \"Model\": \"STB-2000\", \"Output\": {\"Voltage\": \"220V AC 3%\", \"Frequency\": \"50/60 Hz\", \"Voltage Regulation\": \"3%\"}, \"Cooling\": \"Natural air cooling / Forced air cooling (on higher capacity models)\", \"Display\": \"Digital voltage display (on select models)\", \"Capacity\": \"2000VA\", \"Indicators\": \"Input voltage (green), Output voltage (green), Overload (red), Fault (red)\", \"Protection\": \"Over voltage protection, Under voltage protection, Overload protection, Short circuit protection, Thermal protection\", \"Technology\": \"Servo motor controlled voltage stabilizer\", \"Noise Level\": \"<40 dBA at 1m distance\", \"Performance\": {\"Efficiency\": \">95%\", \"Power Factor\": \"0.8 ~ 1 (Lagging)\", \"Response Time\": \"<0.5 seconds\"}, \"Operating Environment\": {\"Humidity\": \"20% - 90% (Non condensing)\", \"Temperature\": \"0C - 45C\"}}','[{\"url\": \"/Product Report/Stabilizer1.pdf\", \"name\": \"Stabilizer Catalog 1\", \"type\": \"pdf\"}]','Voltage Stabilizer STB-2000 (2000VA) - Micro Control Technology','Servo motor controlled voltage stabilizer STB-2000 with 2000VA capacity. Fast response time, high efficiency, comprehensive protection. Ideal for protecting sensitive electronic equipment.','voltage stabilizer, STB-2000, 2000VA, servo motor, voltage regulation, power protection, Micro Control Technology',NULL,1,1,NULL,3,'2025-11-28 15:05:15','2025-11-28 15:05:15',NULL),(36,'Voltage Stabilizer STB-3000 (3000VA)','stb-3000-stabilizer','STB-3000','Servo motor controlled voltage stabilizer with 3000VA capacity. Features fast response time, high efficiency, and comprehensive protection for sensitive equipment.','<h2>Voltage Stabilizer STB-3000 - 3000VA</h2>\r\n        <p>Servo motor controlled voltage stabilizer designed to protect sensitive electronic equipment from voltage fluctuations, ensuring stable and regulated power supply.</p>\r\n        \r\n        <h3>Key Features:</h3>\r\n        <ul>\r\n            <li><strong>Technology:</strong> Servo motor controlled voltage stabilizer</li>\r\n            <li><strong>Fast Response Time:</strong> <0.5 seconds</li>\r\n            <li><strong>High Efficiency:</strong> >95%</li>\r\n            <li><strong>Wide Input Range:</strong> 140V - 260V AC</li>\r\n            <li><strong>Stable Output:</strong> 220V AC 3%</li>\r\n            <li><strong>Comprehensive Protection:</strong> Over voltage protection, Under voltage protection, Overload protection, Short circuit protection, Thermal protection</li>\r\n            <li><strong>LED Indicators:</strong> Input voltage (green), Output voltage (green), Overload (red), Fault (red)</li>\r\n        </ul>\r\n\r\n        <h3>Applications:</h3>\r\n        <ul>\r\n            <li>Home appliances (TV, Refrigerator, AC, etc.)</li>\r\n            <li>Office equipment (Computers, Printers, etc.)</li>\r\n            <li>Industrial equipment</li>\r\n            <li>Medical equipment</li>\r\n            <li>Telecommunications equipment</li>\r\n            <li>Laboratory equipment</li>\r\n        </ul>\r\n\r\n        <h3>Technical Specifications:</h3>\r\n        <ul>\r\n            <li><strong>Input Voltage Range:</strong> 140V - 260V AC</li>\r\n            <li><strong>Output Voltage:</strong> 220V AC 3%</li>\r\n            <li><strong>Input Frequency:</strong> 50/60 Hz</li>\r\n            <li><strong>Output Frequency:</strong> 50/60 Hz</li>\r\n            <li><strong>Voltage Regulation:</strong> 3%</li>\r\n            <li><strong>Response Time:</strong> <0.5 seconds</li>\r\n            <li><strong>Efficiency:</strong> >95%</li>\r\n            <li><strong>Power Factor:</strong> 0.8 ~ 1 (Lagging)</li>\r\n            <li><strong>Operating Environment:</strong> 0C - 45C, 20% - 90% (Non condensing)</li>\r\n            <li><strong>Noise Level:</strong> <40 dBA at 1m distance</li>\r\n        </ul>\r\n\r\n        <p><strong>Note:</strong> Actual specifications may vary. For detailed information and custom configurations, please contact Micro Control Technology.</p>',NULL,NULL,NULL,'Contact for pricing',0,'{\"Input\": {\"Frequency\": \"50/60 Hz\", \"Voltage Range\": \"140V - 260V AC\"}, \"Model\": \"STB-3000\", \"Output\": {\"Voltage\": \"220V AC 3%\", \"Frequency\": \"50/60 Hz\", \"Voltage Regulation\": \"3%\"}, \"Cooling\": \"Natural air cooling / Forced air cooling (on higher capacity models)\", \"Display\": \"Digital voltage display (on select models)\", \"Capacity\": \"3000VA\", \"Indicators\": \"Input voltage (green), Output voltage (green), Overload (red), Fault (red)\", \"Protection\": \"Over voltage protection, Under voltage protection, Overload protection, Short circuit protection, Thermal protection\", \"Technology\": \"Servo motor controlled voltage stabilizer\", \"Noise Level\": \"<40 dBA at 1m distance\", \"Performance\": {\"Efficiency\": \">95%\", \"Power Factor\": \"0.8 ~ 1 (Lagging)\", \"Response Time\": \"<0.5 seconds\"}, \"Operating Environment\": {\"Humidity\": \"20% - 90% (Non condensing)\", \"Temperature\": \"0C - 45C\"}}','[{\"url\": \"/Product Report/Stabilizer1.pdf\", \"name\": \"Stabilizer Catalog 1\", \"type\": \"pdf\"}]','Voltage Stabilizer STB-3000 (3000VA) - Micro Control Technology','Servo motor controlled voltage stabilizer STB-3000 with 3000VA capacity. Fast response time, high efficiency, comprehensive protection. Ideal for protecting sensitive electronic equipment.','voltage stabilizer, STB-3000, 3000VA, servo motor, voltage regulation, power protection, Micro Control Technology',NULL,1,0,NULL,4,'2025-11-28 15:05:15','2025-11-28 15:05:15',NULL),(37,'Voltage Stabilizer STB-5000 (5000VA)','stb-5000-stabilizer','STB-5000','Servo motor controlled voltage stabilizer with 5000VA capacity. Features fast response time, high efficiency, and comprehensive protection for sensitive equipment.','<h2>Voltage Stabilizer STB-5000 - 5000VA</h2>\r\n        <p>Servo motor controlled voltage stabilizer designed to protect sensitive electronic equipment from voltage fluctuations, ensuring stable and regulated power supply.</p>\r\n        \r\n        <h3>Key Features:</h3>\r\n        <ul>\r\n            <li><strong>Technology:</strong> Servo motor controlled voltage stabilizer</li>\r\n            <li><strong>Fast Response Time:</strong> <0.5 seconds</li>\r\n            <li><strong>High Efficiency:</strong> >95%</li>\r\n            <li><strong>Wide Input Range:</strong> 140V - 260V AC</li>\r\n            <li><strong>Stable Output:</strong> 220V AC 3%</li>\r\n            <li><strong>Comprehensive Protection:</strong> Over voltage protection, Under voltage protection, Overload protection, Short circuit protection, Thermal protection</li>\r\n            <li><strong>LED Indicators:</strong> Input voltage (green), Output voltage (green), Overload (red), Fault (red)</li>\r\n        </ul>\r\n\r\n        <h3>Applications:</h3>\r\n        <ul>\r\n            <li>Home appliances (TV, Refrigerator, AC, etc.)</li>\r\n            <li>Office equipment (Computers, Printers, etc.)</li>\r\n            <li>Industrial equipment</li>\r\n            <li>Medical equipment</li>\r\n            <li>Telecommunications equipment</li>\r\n            <li>Laboratory equipment</li>\r\n        </ul>\r\n\r\n        <h3>Technical Specifications:</h3>\r\n        <ul>\r\n            <li><strong>Input Voltage Range:</strong> 140V - 260V AC</li>\r\n            <li><strong>Output Voltage:</strong> 220V AC 3%</li>\r\n            <li><strong>Input Frequency:</strong> 50/60 Hz</li>\r\n            <li><strong>Output Frequency:</strong> 50/60 Hz</li>\r\n            <li><strong>Voltage Regulation:</strong> 3%</li>\r\n            <li><strong>Response Time:</strong> <0.5 seconds</li>\r\n            <li><strong>Efficiency:</strong> >95%</li>\r\n            <li><strong>Power Factor:</strong> 0.8 ~ 1 (Lagging)</li>\r\n            <li><strong>Operating Environment:</strong> 0C - 45C, 20% - 90% (Non condensing)</li>\r\n            <li><strong>Noise Level:</strong> <40 dBA at 1m distance</li>\r\n        </ul>\r\n\r\n        <p><strong>Note:</strong> Actual specifications may vary. For detailed information and custom configurations, please contact Micro Control Technology.</p>',NULL,NULL,NULL,'Contact for pricing',0,'{\"Input\": {\"Frequency\": \"50/60 Hz\", \"Voltage Range\": \"140V - 260V AC\"}, \"Model\": \"STB-5000\", \"Output\": {\"Voltage\": \"220V AC 3%\", \"Frequency\": \"50/60 Hz\", \"Voltage Regulation\": \"3%\"}, \"Cooling\": \"Natural air cooling / Forced air cooling (on higher capacity models)\", \"Display\": \"Digital voltage display (on select models)\", \"Capacity\": \"5000VA\", \"Indicators\": \"Input voltage (green), Output voltage (green), Overload (red), Fault (red)\", \"Protection\": \"Over voltage protection, Under voltage protection, Overload protection, Short circuit protection, Thermal protection\", \"Technology\": \"Servo motor controlled voltage stabilizer\", \"Noise Level\": \"<40 dBA at 1m distance\", \"Performance\": {\"Efficiency\": \">95%\", \"Power Factor\": \"0.8 ~ 1 (Lagging)\", \"Response Time\": \"<0.5 seconds\"}, \"Operating Environment\": {\"Humidity\": \"20% - 90% (Non condensing)\", \"Temperature\": \"0C - 45C\"}}','[{\"url\": \"/Product Report/Stabilizer1.pdf\", \"name\": \"Stabilizer Catalog 1\", \"type\": \"pdf\"}]','Voltage Stabilizer STB-5000 (5000VA) - Micro Control Technology','Servo motor controlled voltage stabilizer STB-5000 with 5000VA capacity. Fast response time, high efficiency, comprehensive protection. Ideal for protecting sensitive electronic equipment.','voltage stabilizer, STB-5000, 5000VA, servo motor, voltage regulation, power protection, Micro Control Technology',NULL,1,0,NULL,5,'2025-11-28 15:05:15','2025-11-28 15:05:15',NULL),(38,'Voltage Stabilizer STB-7500 (7500VA)','stb-7500-stabilizer','STB-7500','Servo motor controlled voltage stabilizer with 7500VA capacity. Features fast response time, high efficiency, and comprehensive protection for sensitive equipment.','<h2>Voltage Stabilizer STB-7500 - 7500VA</h2>\r\n        <p>Servo motor controlled voltage stabilizer designed to protect sensitive electronic equipment from voltage fluctuations, ensuring stable and regulated power supply.</p>\r\n        \r\n        <h3>Key Features:</h3>\r\n        <ul>\r\n            <li><strong>Technology:</strong> Servo motor controlled voltage stabilizer</li>\r\n            <li><strong>Fast Response Time:</strong> <0.5 seconds</li>\r\n            <li><strong>High Efficiency:</strong> >95%</li>\r\n            <li><strong>Wide Input Range:</strong> 140V - 260V AC</li>\r\n            <li><strong>Stable Output:</strong> 220V AC 3%</li>\r\n            <li><strong>Comprehensive Protection:</strong> Over voltage protection, Under voltage protection, Overload protection, Short circuit protection, Thermal protection</li>\r\n            <li><strong>LED Indicators:</strong> Input voltage (green), Output voltage (green), Overload (red), Fault (red)</li>\r\n        </ul>\r\n\r\n        <h3>Applications:</h3>\r\n        <ul>\r\n            <li>Home appliances (TV, Refrigerator, AC, etc.)</li>\r\n            <li>Office equipment (Computers, Printers, etc.)</li>\r\n            <li>Industrial equipment</li>\r\n            <li>Medical equipment</li>\r\n            <li>Telecommunications equipment</li>\r\n            <li>Laboratory equipment</li>\r\n        </ul>\r\n\r\n        <h3>Technical Specifications:</h3>\r\n        <ul>\r\n            <li><strong>Input Voltage Range:</strong> 140V - 260V AC</li>\r\n            <li><strong>Output Voltage:</strong> 220V AC 3%</li>\r\n            <li><strong>Input Frequency:</strong> 50/60 Hz</li>\r\n            <li><strong>Output Frequency:</strong> 50/60 Hz</li>\r\n            <li><strong>Voltage Regulation:</strong> 3%</li>\r\n            <li><strong>Response Time:</strong> <0.5 seconds</li>\r\n            <li><strong>Efficiency:</strong> >95%</li>\r\n            <li><strong>Power Factor:</strong> 0.8 ~ 1 (Lagging)</li>\r\n            <li><strong>Operating Environment:</strong> 0C - 45C, 20% - 90% (Non condensing)</li>\r\n            <li><strong>Noise Level:</strong> <40 dBA at 1m distance</li>\r\n        </ul>\r\n\r\n        <p><strong>Note:</strong> Actual specifications may vary. For detailed information and custom configurations, please contact Micro Control Technology.</p>',NULL,NULL,NULL,'Contact for pricing',0,'{\"Input\": {\"Frequency\": \"50/60 Hz\", \"Voltage Range\": \"140V - 260V AC\"}, \"Model\": \"STB-7500\", \"Output\": {\"Voltage\": \"220V AC 3%\", \"Frequency\": \"50/60 Hz\", \"Voltage Regulation\": \"3%\"}, \"Cooling\": \"Natural air cooling / Forced air cooling (on higher capacity models)\", \"Display\": \"Digital voltage display (on select models)\", \"Capacity\": \"7500VA\", \"Indicators\": \"Input voltage (green), Output voltage (green), Overload (red), Fault (red)\", \"Protection\": \"Over voltage protection, Under voltage protection, Overload protection, Short circuit protection, Thermal protection\", \"Technology\": \"Servo motor controlled voltage stabilizer\", \"Noise Level\": \"<40 dBA at 1m distance\", \"Performance\": {\"Efficiency\": \">95%\", \"Power Factor\": \"0.8 ~ 1 (Lagging)\", \"Response Time\": \"<0.5 seconds\"}, \"Operating Environment\": {\"Humidity\": \"20% - 90% (Non condensing)\", \"Temperature\": \"0C - 45C\"}}','[{\"url\": \"/Product Report/Stabilizer1.pdf\", \"name\": \"Stabilizer Catalog 1\", \"type\": \"pdf\"}]','Voltage Stabilizer STB-7500 (7500VA) - Micro Control Technology','Servo motor controlled voltage stabilizer STB-7500 with 7500VA capacity. Fast response time, high efficiency, comprehensive protection. Ideal for protecting sensitive electronic equipment.','voltage stabilizer, STB-7500, 7500VA, servo motor, voltage regulation, power protection, Micro Control Technology',NULL,1,0,NULL,6,'2025-11-28 15:05:15','2025-11-28 15:05:15',NULL),(39,'Voltage Stabilizer STB-10000 (10000VA)','stb-10000-stabilizer','STB-10000','Servo motor controlled voltage stabilizer with 10000VA capacity. Features fast response time, high efficiency, and comprehensive protection for sensitive equipment.','<h2>Voltage Stabilizer STB-10000 - 10000VA</h2>\r\n        <p>Servo motor controlled voltage stabilizer designed to protect sensitive electronic equipment from voltage fluctuations, ensuring stable and regulated power supply.</p>\r\n        \r\n        <h3>Key Features:</h3>\r\n        <ul>\r\n            <li><strong>Technology:</strong> Servo motor controlled voltage stabilizer</li>\r\n            <li><strong>Fast Response Time:</strong> <0.5 seconds</li>\r\n            <li><strong>High Efficiency:</strong> >95%</li>\r\n            <li><strong>Wide Input Range:</strong> 140V - 260V AC</li>\r\n            <li><strong>Stable Output:</strong> 220V AC 3%</li>\r\n            <li><strong>Comprehensive Protection:</strong> Over voltage protection, Under voltage protection, Overload protection, Short circuit protection, Thermal protection</li>\r\n            <li><strong>LED Indicators:</strong> Input voltage (green), Output voltage (green), Overload (red), Fault (red)</li>\r\n        </ul>\r\n\r\n        <h3>Applications:</h3>\r\n        <ul>\r\n            <li>Home appliances (TV, Refrigerator, AC, etc.)</li>\r\n            <li>Office equipment (Computers, Printers, etc.)</li>\r\n            <li>Industrial equipment</li>\r\n            <li>Medical equipment</li>\r\n            <li>Telecommunications equipment</li>\r\n            <li>Laboratory equipment</li>\r\n        </ul>\r\n\r\n        <h3>Technical Specifications:</h3>\r\n        <ul>\r\n            <li><strong>Input Voltage Range:</strong> 140V - 260V AC</li>\r\n            <li><strong>Output Voltage:</strong> 220V AC 3%</li>\r\n            <li><strong>Input Frequency:</strong> 50/60 Hz</li>\r\n            <li><strong>Output Frequency:</strong> 50/60 Hz</li>\r\n            <li><strong>Voltage Regulation:</strong> 3%</li>\r\n            <li><strong>Response Time:</strong> <0.5 seconds</li>\r\n            <li><strong>Efficiency:</strong> >95%</li>\r\n            <li><strong>Power Factor:</strong> 0.8 ~ 1 (Lagging)</li>\r\n            <li><strong>Operating Environment:</strong> 0C - 45C, 20% - 90% (Non condensing)</li>\r\n            <li><strong>Noise Level:</strong> <40 dBA at 1m distance</li>\r\n        </ul>\r\n\r\n        <p><strong>Note:</strong> Actual specifications may vary. For detailed information and custom configurations, please contact Micro Control Technology.</p>',NULL,NULL,NULL,'Contact for pricing',0,'{\"Input\": {\"Frequency\": \"50/60 Hz\", \"Voltage Range\": \"140V - 260V AC\"}, \"Model\": \"STB-10000\", \"Output\": {\"Voltage\": \"220V AC 3%\", \"Frequency\": \"50/60 Hz\", \"Voltage Regulation\": \"3%\"}, \"Cooling\": \"Natural air cooling / Forced air cooling (on higher capacity models)\", \"Display\": \"Digital voltage display (on select models)\", \"Capacity\": \"10000VA\", \"Indicators\": \"Input voltage (green), Output voltage (green), Overload (red), Fault (red)\", \"Protection\": \"Over voltage protection, Under voltage protection, Overload protection, Short circuit protection, Thermal protection\", \"Technology\": \"Servo motor controlled voltage stabilizer\", \"Noise Level\": \"<40 dBA at 1m distance\", \"Performance\": {\"Efficiency\": \">95%\", \"Power Factor\": \"0.8 ~ 1 (Lagging)\", \"Response Time\": \"<0.5 seconds\"}, \"Operating Environment\": {\"Humidity\": \"20% - 90% (Non condensing)\", \"Temperature\": \"0C - 45C\"}}','[{\"url\": \"/Product Report/Stabilizer1.pdf\", \"name\": \"Stabilizer Catalog 1\", \"type\": \"pdf\"}]','Voltage Stabilizer STB-10000 (10000VA) - Micro Control Technology','Servo motor controlled voltage stabilizer STB-10000 with 10000VA capacity. Fast response time, high efficiency, comprehensive protection. Ideal for protecting sensitive electronic equipment.','voltage stabilizer, STB-10000, 10000VA, servo motor, voltage regulation, power protection, Micro Control Technology',NULL,1,0,NULL,7,'2025-11-28 15:05:15','2025-11-28 15:05:15',NULL),(40,'Voltage Stabilizer STB-15000 (15KVA)','stb-15000-stabilizer-catalog2','STB-15000','High-capacity servo motor controlled voltage stabilizer with 15KVA capacity. Features fast response time, high efficiency, and comprehensive protection for industrial and commercial applications.','<h2>Voltage Stabilizer STB-15000 - 15KVA</h2>\r\n        <p>High-capacity servo motor controlled voltage stabilizer designed for industrial and commercial applications, providing stable and regulated power supply for large-scale operations.</p>\r\n        \r\n        <h3>Key Features:</h3>\r\n        <ul>\r\n            <li><strong>Technology:</strong> Servo motor controlled voltage stabilizer</li>\r\n            <li><strong>Fast Response Time:</strong> <0.5 seconds</li>\r\n            <li><strong>High Efficiency:</strong> >96%</li>\r\n            <li><strong>Wide Input Range:</strong> 140V - 260V AC (Single phase) / 380V AC 20% (Three phase)</li>\r\n            <li><strong>Stable Output:</strong> 220V AC 3% (Single phase) / 380V AC 3% (Three phase)</li>\r\n            <li><strong>Comprehensive Protection:</strong> Over voltage protection, Under voltage protection, Overload protection, Short circuit protection, Thermal protection, Phase failure protection (for three phase models)</li>\r\n            <li><strong>Advanced Display:</strong> Digital voltage display with advanced monitoring</li>\r\n            <li><strong>Forced Air Cooling:</strong> Forced air cooling with temperature control</li>\r\n        </ul>\r\n\r\n        <h3>Applications:</h3>\r\n        <ul>\r\n            <li>Industrial manufacturing facilities</li>\r\n            <li>Commercial buildings and offices</li>\r\n            <li>Data centers and server rooms</li>\r\n            <li>Hospitals and medical facilities</li>\r\n            <li>Telecommunications facilities</li>\r\n            <li>Large-scale industrial equipment</li>\r\n            <li>Three-phase motor applications</li>\r\n        </ul>\r\n\r\n        <h3>Technical Specifications:</h3>\r\n        <ul>\r\n            <li><strong>Input Voltage Range:</strong> 140V - 260V AC (Single phase) / 380V AC 20% (Three phase)</li>\r\n            <li><strong>Output Voltage:</strong> 220V AC 3% (Single phase) / 380V AC 3% (Three phase)</li>\r\n            <li><strong>Input Frequency:</strong> 50/60 Hz</li>\r\n            <li><strong>Output Frequency:</strong> 50/60 Hz</li>\r\n            <li><strong>Voltage Regulation:</strong> 3%</li>\r\n            <li><strong>Response Time:</strong> <0.5 seconds</li>\r\n            <li><strong>Efficiency:</strong> >96%</li>\r\n            <li><strong>Power Factor:</strong> 0.8 ~ 1 (Lagging)</li>\r\n            <li><strong>Operating Environment:</strong> 0C - 45C, 20% - 90% (Non condensing)</li>\r\n            <li><strong>Noise Level:</strong> <45 dBA at 1m distance</li>\r\n            <li><strong>Mounting:</strong> Floor mounting / Wall mounting options available</li>\r\n        </ul>\r\n\r\n        <p><strong>Note:</strong> Actual specifications may vary. Three-phase models available for higher capacity requirements. For detailed information and custom configurations, please contact Micro Control Technology.</p>',NULL,NULL,NULL,'Contact for pricing',0,'{\"Input\": {\"Frequency\": \"50/60 Hz\", \"Voltage Range\": \"140V - 260V AC (Single phase) / 380V AC 20% (Three phase)\"}, \"Model\": \"STB-15000\", \"Output\": {\"Voltage\": \"220V AC 3% (Single phase) / 380V AC 3% (Three phase)\", \"Frequency\": \"50/60 Hz\", \"Voltage Regulation\": \"3%\"}, \"Cooling\": \"Forced air cooling with temperature control\", \"Display\": \"Digital voltage display with advanced monitoring\", \"Capacity\": \"15KVA\", \"Mounting\": \"Floor mounting / Wall mounting options available\", \"Indicators\": \"Input voltage (green), Output voltage (green), Overload (red), Fault (red), Phase status (for three phase models)\", \"Protection\": \"Over voltage protection, Under voltage protection, Overload protection, Short circuit protection, Thermal protection, Phase failure protection (for three phase models)\", \"Technology\": \"Servo motor controlled voltage stabilizer\", \"Noise Level\": \"<45 dBA at 1m distance\", \"Performance\": {\"Efficiency\": \">96%\", \"Power Factor\": \"0.8 ~ 1 (Lagging)\", \"Response Time\": \"<0.5 seconds\"}, \"Operating Environment\": {\"Humidity\": \"20% - 90% (Non condensing)\", \"Temperature\": \"0C - 45C\"}}','[{\"url\": \"/Product Report/Stabilizer2.pdf\", \"name\": \"Stabilizer Catalog 2\", \"type\": \"pdf\"}]','Voltage Stabilizer STB-15000 (15KVA) - Micro Control Technology','High-capacity servo motor controlled voltage stabilizer STB-15000 with 15KVA capacity. Fast response time, high efficiency, comprehensive protection. Ideal for industrial and commercial applications.','voltage stabilizer, STB-15000, 15KVA, servo motor, voltage regulation, industrial stabilizer, power protection, Micro Control Technology',NULL,1,1,NULL,1,'2025-11-28 15:05:15','2025-11-28 15:05:15',NULL),(41,'Voltage Stabilizer STB-20000 (20KVA)','stb-20000-stabilizer-catalog2','STB-20000','High-capacity servo motor controlled voltage stabilizer with 20KVA capacity. Features fast response time, high efficiency, and comprehensive protection for industrial and commercial applications.','<h2>Voltage Stabilizer STB-20000 - 20KVA</h2>\r\n        <p>High-capacity servo motor controlled voltage stabilizer designed for industrial and commercial applications, providing stable and regulated power supply for large-scale operations.</p>\r\n        \r\n        <h3>Key Features:</h3>\r\n        <ul>\r\n            <li><strong>Technology:</strong> Servo motor controlled voltage stabilizer</li>\r\n            <li><strong>Fast Response Time:</strong> <0.5 seconds</li>\r\n            <li><strong>High Efficiency:</strong> >96%</li>\r\n            <li><strong>Wide Input Range:</strong> 140V - 260V AC (Single phase) / 380V AC 20% (Three phase)</li>\r\n            <li><strong>Stable Output:</strong> 220V AC 3% (Single phase) / 380V AC 3% (Three phase)</li>\r\n            <li><strong>Comprehensive Protection:</strong> Over voltage protection, Under voltage protection, Overload protection, Short circuit protection, Thermal protection, Phase failure protection (for three phase models)</li>\r\n            <li><strong>Advanced Display:</strong> Digital voltage display with advanced monitoring</li>\r\n            <li><strong>Forced Air Cooling:</strong> Forced air cooling with temperature control</li>\r\n        </ul>\r\n\r\n        <h3>Applications:</h3>\r\n        <ul>\r\n            <li>Industrial manufacturing facilities</li>\r\n            <li>Commercial buildings and offices</li>\r\n            <li>Data centers and server rooms</li>\r\n            <li>Hospitals and medical facilities</li>\r\n            <li>Telecommunications facilities</li>\r\n            <li>Large-scale industrial equipment</li>\r\n            <li>Three-phase motor applications</li>\r\n        </ul>\r\n\r\n        <h3>Technical Specifications:</h3>\r\n        <ul>\r\n            <li><strong>Input Voltage Range:</strong> 140V - 260V AC (Single phase) / 380V AC 20% (Three phase)</li>\r\n            <li><strong>Output Voltage:</strong> 220V AC 3% (Single phase) / 380V AC 3% (Three phase)</li>\r\n            <li><strong>Input Frequency:</strong> 50/60 Hz</li>\r\n            <li><strong>Output Frequency:</strong> 50/60 Hz</li>\r\n            <li><strong>Voltage Regulation:</strong> 3%</li>\r\n            <li><strong>Response Time:</strong> <0.5 seconds</li>\r\n            <li><strong>Efficiency:</strong> >96%</li>\r\n            <li><strong>Power Factor:</strong> 0.8 ~ 1 (Lagging)</li>\r\n            <li><strong>Operating Environment:</strong> 0C - 45C, 20% - 90% (Non condensing)</li>\r\n            <li><strong>Noise Level:</strong> <45 dBA at 1m distance</li>\r\n            <li><strong>Mounting:</strong> Floor mounting / Wall mounting options available</li>\r\n        </ul>\r\n\r\n        <p><strong>Note:</strong> Actual specifications may vary. Three-phase models available for higher capacity requirements. For detailed information and custom configurations, please contact Micro Control Technology.</p>',NULL,NULL,NULL,'Contact for pricing',0,'{\"Input\": {\"Frequency\": \"50/60 Hz\", \"Voltage Range\": \"140V - 260V AC (Single phase) / 380V AC 20% (Three phase)\"}, \"Model\": \"STB-20000\", \"Output\": {\"Voltage\": \"220V AC 3% (Single phase) / 380V AC 3% (Three phase)\", \"Frequency\": \"50/60 Hz\", \"Voltage Regulation\": \"3%\"}, \"Cooling\": \"Forced air cooling with temperature control\", \"Display\": \"Digital voltage display with advanced monitoring\", \"Capacity\": \"20KVA\", \"Mounting\": \"Floor mounting / Wall mounting options available\", \"Indicators\": \"Input voltage (green), Output voltage (green), Overload (red), Fault (red), Phase status (for three phase models)\", \"Protection\": \"Over voltage protection, Under voltage protection, Overload protection, Short circuit protection, Thermal protection, Phase failure protection (for three phase models)\", \"Technology\": \"Servo motor controlled voltage stabilizer\", \"Noise Level\": \"<45 dBA at 1m distance\", \"Performance\": {\"Efficiency\": \">96%\", \"Power Factor\": \"0.8 ~ 1 (Lagging)\", \"Response Time\": \"<0.5 seconds\"}, \"Operating Environment\": {\"Humidity\": \"20% - 90% (Non condensing)\", \"Temperature\": \"0C - 45C\"}}','[{\"url\": \"/Product Report/Stabilizer2.pdf\", \"name\": \"Stabilizer Catalog 2\", \"type\": \"pdf\"}]','Voltage Stabilizer STB-20000 (20KVA) - Micro Control Technology','High-capacity servo motor controlled voltage stabilizer STB-20000 with 20KVA capacity. Fast response time, high efficiency, comprehensive protection. Ideal for industrial and commercial applications.','voltage stabilizer, STB-20000, 20KVA, servo motor, voltage regulation, industrial stabilizer, power protection, Micro Control Technology',NULL,1,1,NULL,2,'2025-11-28 15:05:15','2025-11-28 15:05:15',NULL),(42,'Voltage Stabilizer STB-25000 (25KVA)','stb-25000-stabilizer-catalog2','STB-25000','High-capacity servo motor controlled voltage stabilizer with 25KVA capacity. Features fast response time, high efficiency, and comprehensive protection for industrial and commercial applications.','<h2>Voltage Stabilizer STB-25000 - 25KVA</h2>\r\n        <p>High-capacity servo motor controlled voltage stabilizer designed for industrial and commercial applications, providing stable and regulated power supply for large-scale operations.</p>\r\n        \r\n        <h3>Key Features:</h3>\r\n        <ul>\r\n            <li><strong>Technology:</strong> Servo motor controlled voltage stabilizer</li>\r\n            <li><strong>Fast Response Time:</strong> <0.5 seconds</li>\r\n            <li><strong>High Efficiency:</strong> >96%</li>\r\n            <li><strong>Wide Input Range:</strong> 140V - 260V AC (Single phase) / 380V AC 20% (Three phase)</li>\r\n            <li><strong>Stable Output:</strong> 220V AC 3% (Single phase) / 380V AC 3% (Three phase)</li>\r\n            <li><strong>Comprehensive Protection:</strong> Over voltage protection, Under voltage protection, Overload protection, Short circuit protection, Thermal protection, Phase failure protection (for three phase models)</li>\r\n            <li><strong>Advanced Display:</strong> Digital voltage display with advanced monitoring</li>\r\n            <li><strong>Forced Air Cooling:</strong> Forced air cooling with temperature control</li>\r\n        </ul>\r\n\r\n        <h3>Applications:</h3>\r\n        <ul>\r\n            <li>Industrial manufacturing facilities</li>\r\n            <li>Commercial buildings and offices</li>\r\n            <li>Data centers and server rooms</li>\r\n            <li>Hospitals and medical facilities</li>\r\n            <li>Telecommunications facilities</li>\r\n            <li>Large-scale industrial equipment</li>\r\n            <li>Three-phase motor applications</li>\r\n        </ul>\r\n\r\n        <h3>Technical Specifications:</h3>\r\n        <ul>\r\n            <li><strong>Input Voltage Range:</strong> 140V - 260V AC (Single phase) / 380V AC 20% (Three phase)</li>\r\n            <li><strong>Output Voltage:</strong> 220V AC 3% (Single phase) / 380V AC 3% (Three phase)</li>\r\n            <li><strong>Input Frequency:</strong> 50/60 Hz</li>\r\n            <li><strong>Output Frequency:</strong> 50/60 Hz</li>\r\n            <li><strong>Voltage Regulation:</strong> 3%</li>\r\n            <li><strong>Response Time:</strong> <0.5 seconds</li>\r\n            <li><strong>Efficiency:</strong> >96%</li>\r\n            <li><strong>Power Factor:</strong> 0.8 ~ 1 (Lagging)</li>\r\n            <li><strong>Operating Environment:</strong> 0C - 45C, 20% - 90% (Non condensing)</li>\r\n            <li><strong>Noise Level:</strong> <45 dBA at 1m distance</li>\r\n            <li><strong>Mounting:</strong> Floor mounting / Wall mounting options available</li>\r\n        </ul>\r\n\r\n        <p><strong>Note:</strong> Actual specifications may vary. Three-phase models available for higher capacity requirements. For detailed information and custom configurations, please contact Micro Control Technology.</p>',NULL,NULL,NULL,'Contact for pricing',0,'{\"Input\": {\"Frequency\": \"50/60 Hz\", \"Voltage Range\": \"140V - 260V AC (Single phase) / 380V AC 20% (Three phase)\"}, \"Model\": \"STB-25000\", \"Output\": {\"Voltage\": \"220V AC 3% (Single phase) / 380V AC 3% (Three phase)\", \"Frequency\": \"50/60 Hz\", \"Voltage Regulation\": \"3%\"}, \"Cooling\": \"Forced air cooling with temperature control\", \"Display\": \"Digital voltage display with advanced monitoring\", \"Capacity\": \"25KVA\", \"Mounting\": \"Floor mounting / Wall mounting options available\", \"Indicators\": \"Input voltage (green), Output voltage (green), Overload (red), Fault (red), Phase status (for three phase models)\", \"Protection\": \"Over voltage protection, Under voltage protection, Overload protection, Short circuit protection, Thermal protection, Phase failure protection (for three phase models)\", \"Technology\": \"Servo motor controlled voltage stabilizer\", \"Noise Level\": \"<45 dBA at 1m distance\", \"Performance\": {\"Efficiency\": \">96%\", \"Power Factor\": \"0.8 ~ 1 (Lagging)\", \"Response Time\": \"<0.5 seconds\"}, \"Operating Environment\": {\"Humidity\": \"20% - 90% (Non condensing)\", \"Temperature\": \"0C - 45C\"}}','[{\"url\": \"/Product Report/Stabilizer2.pdf\", \"name\": \"Stabilizer Catalog 2\", \"type\": \"pdf\"}]','Voltage Stabilizer STB-25000 (25KVA) - Micro Control Technology','High-capacity servo motor controlled voltage stabilizer STB-25000 with 25KVA capacity. Fast response time, high efficiency, comprehensive protection. Ideal for industrial and commercial applications.','voltage stabilizer, STB-25000, 25KVA, servo motor, voltage regulation, industrial stabilizer, power protection, Micro Control Technology',NULL,1,1,NULL,3,'2025-11-28 15:05:15','2025-11-28 15:05:15',NULL),(43,'Voltage Stabilizer STB-30000 (30KVA)','stb-30000-stabilizer-catalog2','STB-30000','High-capacity servo motor controlled voltage stabilizer with 30KVA capacity. Features fast response time, high efficiency, and comprehensive protection for industrial and commercial applications.','<h2>Voltage Stabilizer STB-30000 - 30KVA</h2>\r\n        <p>High-capacity servo motor controlled voltage stabilizer designed for industrial and commercial applications, providing stable and regulated power supply for large-scale operations.</p>\r\n        \r\n        <h3>Key Features:</h3>\r\n        <ul>\r\n            <li><strong>Technology:</strong> Servo motor controlled voltage stabilizer</li>\r\n            <li><strong>Fast Response Time:</strong> <0.5 seconds</li>\r\n            <li><strong>High Efficiency:</strong> >96%</li>\r\n            <li><strong>Wide Input Range:</strong> 140V - 260V AC (Single phase) / 380V AC 20% (Three phase)</li>\r\n            <li><strong>Stable Output:</strong> 220V AC 3% (Single phase) / 380V AC 3% (Three phase)</li>\r\n            <li><strong>Comprehensive Protection:</strong> Over voltage protection, Under voltage protection, Overload protection, Short circuit protection, Thermal protection, Phase failure protection (for three phase models)</li>\r\n            <li><strong>Advanced Display:</strong> Digital voltage display with advanced monitoring</li>\r\n            <li><strong>Forced Air Cooling:</strong> Forced air cooling with temperature control</li>\r\n        </ul>\r\n\r\n        <h3>Applications:</h3>\r\n        <ul>\r\n            <li>Industrial manufacturing facilities</li>\r\n            <li>Commercial buildings and offices</li>\r\n            <li>Data centers and server rooms</li>\r\n            <li>Hospitals and medical facilities</li>\r\n            <li>Telecommunications facilities</li>\r\n            <li>Large-scale industrial equipment</li>\r\n            <li>Three-phase motor applications</li>\r\n        </ul>\r\n\r\n        <h3>Technical Specifications:</h3>\r\n        <ul>\r\n            <li><strong>Input Voltage Range:</strong> 140V - 260V AC (Single phase) / 380V AC 20% (Three phase)</li>\r\n            <li><strong>Output Voltage:</strong> 220V AC 3% (Single phase) / 380V AC 3% (Three phase)</li>\r\n            <li><strong>Input Frequency:</strong> 50/60 Hz</li>\r\n            <li><strong>Output Frequency:</strong> 50/60 Hz</li>\r\n            <li><strong>Voltage Regulation:</strong> 3%</li>\r\n            <li><strong>Response Time:</strong> <0.5 seconds</li>\r\n            <li><strong>Efficiency:</strong> >96%</li>\r\n            <li><strong>Power Factor:</strong> 0.8 ~ 1 (Lagging)</li>\r\n            <li><strong>Operating Environment:</strong> 0C - 45C, 20% - 90% (Non condensing)</li>\r\n            <li><strong>Noise Level:</strong> <45 dBA at 1m distance</li>\r\n            <li><strong>Mounting:</strong> Floor mounting / Wall mounting options available</li>\r\n        </ul>\r\n\r\n        <p><strong>Note:</strong> Actual specifications may vary. Three-phase models available for higher capacity requirements. For detailed information and custom configurations, please contact Micro Control Technology.</p>',NULL,NULL,NULL,'Contact for pricing',0,'{\"Input\": {\"Frequency\": \"50/60 Hz\", \"Voltage Range\": \"140V - 260V AC (Single phase) / 380V AC 20% (Three phase)\"}, \"Model\": \"STB-30000\", \"Output\": {\"Voltage\": \"220V AC 3% (Single phase) / 380V AC 3% (Three phase)\", \"Frequency\": \"50/60 Hz\", \"Voltage Regulation\": \"3%\"}, \"Cooling\": \"Forced air cooling with temperature control\", \"Display\": \"Digital voltage display with advanced monitoring\", \"Capacity\": \"30KVA\", \"Mounting\": \"Floor mounting / Wall mounting options available\", \"Indicators\": \"Input voltage (green), Output voltage (green), Overload (red), Fault (red), Phase status (for three phase models)\", \"Protection\": \"Over voltage protection, Under voltage protection, Overload protection, Short circuit protection, Thermal protection, Phase failure protection (for three phase models)\", \"Technology\": \"Servo motor controlled voltage stabilizer\", \"Noise Level\": \"<45 dBA at 1m distance\", \"Performance\": {\"Efficiency\": \">96%\", \"Power Factor\": \"0.8 ~ 1 (Lagging)\", \"Response Time\": \"<0.5 seconds\"}, \"Operating Environment\": {\"Humidity\": \"20% - 90% (Non condensing)\", \"Temperature\": \"0C - 45C\"}}','[{\"url\": \"/Product Report/Stabilizer2.pdf\", \"name\": \"Stabilizer Catalog 2\", \"type\": \"pdf\"}]','Voltage Stabilizer STB-30000 (30KVA) - Micro Control Technology','High-capacity servo motor controlled voltage stabilizer STB-30000 with 30KVA capacity. Fast response time, high efficiency, comprehensive protection. Ideal for industrial and commercial applications.','voltage stabilizer, STB-30000, 30KVA, servo motor, voltage regulation, industrial stabilizer, power protection, Micro Control Technology',NULL,1,0,NULL,4,'2025-11-28 15:05:15','2025-11-28 15:05:15',NULL),(44,'Voltage Stabilizer STB-40000 (40KVA)','stb-40000-stabilizer-catalog2','STB-40000','High-capacity servo motor controlled voltage stabilizer with 40KVA capacity. Features fast response time, high efficiency, and comprehensive protection for industrial and commercial applications.','<h2>Voltage Stabilizer STB-40000 - 40KVA</h2>\r\n        <p>High-capacity servo motor controlled voltage stabilizer designed for industrial and commercial applications, providing stable and regulated power supply for large-scale operations.</p>\r\n        \r\n        <h3>Key Features:</h3>\r\n        <ul>\r\n            <li><strong>Technology:</strong> Servo motor controlled voltage stabilizer</li>\r\n            <li><strong>Fast Response Time:</strong> <0.5 seconds</li>\r\n            <li><strong>High Efficiency:</strong> >96%</li>\r\n            <li><strong>Wide Input Range:</strong> 140V - 260V AC (Single phase) / 380V AC 20% (Three phase)</li>\r\n            <li><strong>Stable Output:</strong> 220V AC 3% (Single phase) / 380V AC 3% (Three phase)</li>\r\n            <li><strong>Comprehensive Protection:</strong> Over voltage protection, Under voltage protection, Overload protection, Short circuit protection, Thermal protection, Phase failure protection (for three phase models)</li>\r\n            <li><strong>Advanced Display:</strong> Digital voltage display with advanced monitoring</li>\r\n            <li><strong>Forced Air Cooling:</strong> Forced air cooling with temperature control</li>\r\n        </ul>\r\n\r\n        <h3>Applications:</h3>\r\n        <ul>\r\n            <li>Industrial manufacturing facilities</li>\r\n            <li>Commercial buildings and offices</li>\r\n            <li>Data centers and server rooms</li>\r\n            <li>Hospitals and medical facilities</li>\r\n            <li>Telecommunications facilities</li>\r\n            <li>Large-scale industrial equipment</li>\r\n            <li>Three-phase motor applications</li>\r\n        </ul>\r\n\r\n        <h3>Technical Specifications:</h3>\r\n        <ul>\r\n            <li><strong>Input Voltage Range:</strong> 140V - 260V AC (Single phase) / 380V AC 20% (Three phase)</li>\r\n            <li><strong>Output Voltage:</strong> 220V AC 3% (Single phase) / 380V AC 3% (Three phase)</li>\r\n            <li><strong>Input Frequency:</strong> 50/60 Hz</li>\r\n            <li><strong>Output Frequency:</strong> 50/60 Hz</li>\r\n            <li><strong>Voltage Regulation:</strong> 3%</li>\r\n            <li><strong>Response Time:</strong> <0.5 seconds</li>\r\n            <li><strong>Efficiency:</strong> >96%</li>\r\n            <li><strong>Power Factor:</strong> 0.8 ~ 1 (Lagging)</li>\r\n            <li><strong>Operating Environment:</strong> 0C - 45C, 20% - 90% (Non condensing)</li>\r\n            <li><strong>Noise Level:</strong> <45 dBA at 1m distance</li>\r\n            <li><strong>Mounting:</strong> Floor mounting / Wall mounting options available</li>\r\n        </ul>\r\n\r\n        <p><strong>Note:</strong> Actual specifications may vary. Three-phase models available for higher capacity requirements. For detailed information and custom configurations, please contact Micro Control Technology.</p>',NULL,NULL,NULL,'Contact for pricing',0,'{\"Input\": {\"Frequency\": \"50/60 Hz\", \"Voltage Range\": \"140V - 260V AC (Single phase) / 380V AC 20% (Three phase)\"}, \"Model\": \"STB-40000\", \"Output\": {\"Voltage\": \"220V AC 3% (Single phase) / 380V AC 3% (Three phase)\", \"Frequency\": \"50/60 Hz\", \"Voltage Regulation\": \"3%\"}, \"Cooling\": \"Forced air cooling with temperature control\", \"Display\": \"Digital voltage display with advanced monitoring\", \"Capacity\": \"40KVA\", \"Mounting\": \"Floor mounting / Wall mounting options available\", \"Indicators\": \"Input voltage (green), Output voltage (green), Overload (red), Fault (red), Phase status (for three phase models)\", \"Protection\": \"Over voltage protection, Under voltage protection, Overload protection, Short circuit protection, Thermal protection, Phase failure protection (for three phase models)\", \"Technology\": \"Servo motor controlled voltage stabilizer\", \"Noise Level\": \"<45 dBA at 1m distance\", \"Performance\": {\"Efficiency\": \">96%\", \"Power Factor\": \"0.8 ~ 1 (Lagging)\", \"Response Time\": \"<0.5 seconds\"}, \"Operating Environment\": {\"Humidity\": \"20% - 90% (Non condensing)\", \"Temperature\": \"0C - 45C\"}}','[{\"url\": \"/Product Report/Stabilizer2.pdf\", \"name\": \"Stabilizer Catalog 2\", \"type\": \"pdf\"}]','Voltage Stabilizer STB-40000 (40KVA) - Micro Control Technology','High-capacity servo motor controlled voltage stabilizer STB-40000 with 40KVA capacity. Fast response time, high efficiency, comprehensive protection. Ideal for industrial and commercial applications.','voltage stabilizer, STB-40000, 40KVA, servo motor, voltage regulation, industrial stabilizer, power protection, Micro Control Technology',NULL,1,0,NULL,5,'2025-11-28 15:05:15','2025-11-28 15:05:15',NULL),(45,'Voltage Stabilizer STB-50000 (50KVA)','stb-50000-stabilizer-catalog2','STB-50000','High-capacity servo motor controlled voltage stabilizer with 50KVA capacity. Features fast response time, high efficiency, and comprehensive protection for industrial and commercial applications.','<h2>Voltage Stabilizer STB-50000 - 50KVA</h2>\r\n        <p>High-capacity servo motor controlled voltage stabilizer designed for industrial and commercial applications, providing stable and regulated power supply for large-scale operations.</p>\r\n        \r\n        <h3>Key Features:</h3>\r\n        <ul>\r\n            <li><strong>Technology:</strong> Servo motor controlled voltage stabilizer</li>\r\n            <li><strong>Fast Response Time:</strong> <0.5 seconds</li>\r\n            <li><strong>High Efficiency:</strong> >96%</li>\r\n            <li><strong>Wide Input Range:</strong> 140V - 260V AC (Single phase) / 380V AC 20% (Three phase)</li>\r\n            <li><strong>Stable Output:</strong> 220V AC 3% (Single phase) / 380V AC 3% (Three phase)</li>\r\n            <li><strong>Comprehensive Protection:</strong> Over voltage protection, Under voltage protection, Overload protection, Short circuit protection, Thermal protection, Phase failure protection (for three phase models)</li>\r\n            <li><strong>Advanced Display:</strong> Digital voltage display with advanced monitoring</li>\r\n            <li><strong>Forced Air Cooling:</strong> Forced air cooling with temperature control</li>\r\n        </ul>\r\n\r\n        <h3>Applications:</h3>\r\n        <ul>\r\n            <li>Industrial manufacturing facilities</li>\r\n            <li>Commercial buildings and offices</li>\r\n            <li>Data centers and server rooms</li>\r\n            <li>Hospitals and medical facilities</li>\r\n            <li>Telecommunications facilities</li>\r\n            <li>Large-scale industrial equipment</li>\r\n            <li>Three-phase motor applications</li>\r\n        </ul>\r\n\r\n        <h3>Technical Specifications:</h3>\r\n        <ul>\r\n            <li><strong>Input Voltage Range:</strong> 140V - 260V AC (Single phase) / 380V AC 20% (Three phase)</li>\r\n            <li><strong>Output Voltage:</strong> 220V AC 3% (Single phase) / 380V AC 3% (Three phase)</li>\r\n            <li><strong>Input Frequency:</strong> 50/60 Hz</li>\r\n            <li><strong>Output Frequency:</strong> 50/60 Hz</li>\r\n            <li><strong>Voltage Regulation:</strong> 3%</li>\r\n            <li><strong>Response Time:</strong> <0.5 seconds</li>\r\n            <li><strong>Efficiency:</strong> >96%</li>\r\n            <li><strong>Power Factor:</strong> 0.8 ~ 1 (Lagging)</li>\r\n            <li><strong>Operating Environment:</strong> 0C - 45C, 20% - 90% (Non condensing)</li>\r\n            <li><strong>Noise Level:</strong> <45 dBA at 1m distance</li>\r\n            <li><strong>Mounting:</strong> Floor mounting / Wall mounting options available</li>\r\n        </ul>\r\n\r\n        <p><strong>Note:</strong> Actual specifications may vary. Three-phase models available for higher capacity requirements. For detailed information and custom configurations, please contact Micro Control Technology.</p>',NULL,NULL,NULL,'Contact for pricing',0,'{\"Input\": {\"Frequency\": \"50/60 Hz\", \"Voltage Range\": \"140V - 260V AC (Single phase) / 380V AC 20% (Three phase)\"}, \"Model\": \"STB-50000\", \"Output\": {\"Voltage\": \"220V AC 3% (Single phase) / 380V AC 3% (Three phase)\", \"Frequency\": \"50/60 Hz\", \"Voltage Regulation\": \"3%\"}, \"Cooling\": \"Forced air cooling with temperature control\", \"Display\": \"Digital voltage display with advanced monitoring\", \"Capacity\": \"50KVA\", \"Mounting\": \"Floor mounting / Wall mounting options available\", \"Indicators\": \"Input voltage (green), Output voltage (green), Overload (red), Fault (red), Phase status (for three phase models)\", \"Protection\": \"Over voltage protection, Under voltage protection, Overload protection, Short circuit protection, Thermal protection, Phase failure protection (for three phase models)\", \"Technology\": \"Servo motor controlled voltage stabilizer\", \"Noise Level\": \"<45 dBA at 1m distance\", \"Performance\": {\"Efficiency\": \">96%\", \"Power Factor\": \"0.8 ~ 1 (Lagging)\", \"Response Time\": \"<0.5 seconds\"}, \"Operating Environment\": {\"Humidity\": \"20% - 90% (Non condensing)\", \"Temperature\": \"0C - 45C\"}}','[{\"url\": \"/Product Report/Stabilizer2.pdf\", \"name\": \"Stabilizer Catalog 2\", \"type\": \"pdf\"}]','Voltage Stabilizer STB-50000 (50KVA) - Micro Control Technology','High-capacity servo motor controlled voltage stabilizer STB-50000 with 50KVA capacity. Fast response time, high efficiency, comprehensive protection. Ideal for industrial and commercial applications.','voltage stabilizer, STB-50000, 50KVA, servo motor, voltage regulation, industrial stabilizer, power protection, Micro Control Technology',NULL,1,0,NULL,6,'2025-11-28 15:05:15','2025-11-28 15:05:15',NULL),(46,'Voltage Stabilizer STB-75000 (75KVA)','stb-75000-stabilizer-catalog2','STB-75000','High-capacity servo motor controlled voltage stabilizer with 75KVA capacity. Features fast response time, high efficiency, and comprehensive protection for industrial and commercial applications.','<h2>Voltage Stabilizer STB-75000 - 75KVA</h2>\r\n        <p>High-capacity servo motor controlled voltage stabilizer designed for industrial and commercial applications, providing stable and regulated power supply for large-scale operations.</p>\r\n        \r\n        <h3>Key Features:</h3>\r\n        <ul>\r\n            <li><strong>Technology:</strong> Servo motor controlled voltage stabilizer</li>\r\n            <li><strong>Fast Response Time:</strong> <0.5 seconds</li>\r\n            <li><strong>High Efficiency:</strong> >96%</li>\r\n            <li><strong>Wide Input Range:</strong> 140V - 260V AC (Single phase) / 380V AC 20% (Three phase)</li>\r\n            <li><strong>Stable Output:</strong> 220V AC 3% (Single phase) / 380V AC 3% (Three phase)</li>\r\n            <li><strong>Comprehensive Protection:</strong> Over voltage protection, Under voltage protection, Overload protection, Short circuit protection, Thermal protection, Phase failure protection (for three phase models)</li>\r\n            <li><strong>Advanced Display:</strong> Digital voltage display with advanced monitoring</li>\r\n            <li><strong>Forced Air Cooling:</strong> Forced air cooling with temperature control</li>\r\n        </ul>\r\n\r\n        <h3>Applications:</h3>\r\n        <ul>\r\n            <li>Industrial manufacturing facilities</li>\r\n            <li>Commercial buildings and offices</li>\r\n            <li>Data centers and server rooms</li>\r\n            <li>Hospitals and medical facilities</li>\r\n            <li>Telecommunications facilities</li>\r\n            <li>Large-scale industrial equipment</li>\r\n            <li>Three-phase motor applications</li>\r\n        </ul>\r\n\r\n        <h3>Technical Specifications:</h3>\r\n        <ul>\r\n            <li><strong>Input Voltage Range:</strong> 140V - 260V AC (Single phase) / 380V AC 20% (Three phase)</li>\r\n            <li><strong>Output Voltage:</strong> 220V AC 3% (Single phase) / 380V AC 3% (Three phase)</li>\r\n            <li><strong>Input Frequency:</strong> 50/60 Hz</li>\r\n            <li><strong>Output Frequency:</strong> 50/60 Hz</li>\r\n            <li><strong>Voltage Regulation:</strong> 3%</li>\r\n            <li><strong>Response Time:</strong> <0.5 seconds</li>\r\n            <li><strong>Efficiency:</strong> >96%</li>\r\n            <li><strong>Power Factor:</strong> 0.8 ~ 1 (Lagging)</li>\r\n            <li><strong>Operating Environment:</strong> 0C - 45C, 20% - 90% (Non condensing)</li>\r\n            <li><strong>Noise Level:</strong> <45 dBA at 1m distance</li>\r\n            <li><strong>Mounting:</strong> Floor mounting / Wall mounting options available</li>\r\n        </ul>\r\n\r\n        <p><strong>Note:</strong> Actual specifications may vary. Three-phase models available for higher capacity requirements. For detailed information and custom configurations, please contact Micro Control Technology.</p>',NULL,NULL,NULL,'Contact for pricing',0,'{\"Input\": {\"Frequency\": \"50/60 Hz\", \"Voltage Range\": \"140V - 260V AC (Single phase) / 380V AC 20% (Three phase)\"}, \"Model\": \"STB-75000\", \"Output\": {\"Voltage\": \"220V AC 3% (Single phase) / 380V AC 3% (Three phase)\", \"Frequency\": \"50/60 Hz\", \"Voltage Regulation\": \"3%\"}, \"Cooling\": \"Forced air cooling with temperature control\", \"Display\": \"Digital voltage display with advanced monitoring\", \"Capacity\": \"75KVA\", \"Mounting\": \"Floor mounting / Wall mounting options available\", \"Indicators\": \"Input voltage (green), Output voltage (green), Overload (red), Fault (red), Phase status (for three phase models)\", \"Protection\": \"Over voltage protection, Under voltage protection, Overload protection, Short circuit protection, Thermal protection, Phase failure protection (for three phase models)\", \"Technology\": \"Servo motor controlled voltage stabilizer\", \"Noise Level\": \"<45 dBA at 1m distance\", \"Performance\": {\"Efficiency\": \">96%\", \"Power Factor\": \"0.8 ~ 1 (Lagging)\", \"Response Time\": \"<0.5 seconds\"}, \"Operating Environment\": {\"Humidity\": \"20% - 90% (Non condensing)\", \"Temperature\": \"0C - 45C\"}}','[{\"url\": \"/Product Report/Stabilizer2.pdf\", \"name\": \"Stabilizer Catalog 2\", \"type\": \"pdf\"}]','Voltage Stabilizer STB-75000 (75KVA) - Micro Control Technology','High-capacity servo motor controlled voltage stabilizer STB-75000 with 75KVA capacity. Fast response time, high efficiency, comprehensive protection. Ideal for industrial and commercial applications.','voltage stabilizer, STB-75000, 75KVA, servo motor, voltage regulation, industrial stabilizer, power protection, Micro Control Technology',NULL,1,0,NULL,7,'2025-11-28 15:05:15','2025-11-28 15:05:15',NULL),(47,'Voltage Stabilizer STB-100000 (100KVA)','stb-100000-stabilizer-catalog2','STB-100000','High-capacity servo motor controlled voltage stabilizer with 100KVA capacity. Features fast response time, high efficiency, and comprehensive protection for industrial and commercial applications.','<h2>Voltage Stabilizer STB-100000 - 100KVA</h2>\r\n        <p>High-capacity servo motor controlled voltage stabilizer designed for industrial and commercial applications, providing stable and regulated power supply for large-scale operations.</p>\r\n        \r\n        <h3>Key Features:</h3>\r\n        <ul>\r\n            <li><strong>Technology:</strong> Servo motor controlled voltage stabilizer</li>\r\n            <li><strong>Fast Response Time:</strong> <0.5 seconds</li>\r\n            <li><strong>High Efficiency:</strong> >96%</li>\r\n            <li><strong>Wide Input Range:</strong> 140V - 260V AC (Single phase) / 380V AC 20% (Three phase)</li>\r\n            <li><strong>Stable Output:</strong> 220V AC 3% (Single phase) / 380V AC 3% (Three phase)</li>\r\n            <li><strong>Comprehensive Protection:</strong> Over voltage protection, Under voltage protection, Overload protection, Short circuit protection, Thermal protection, Phase failure protection (for three phase models)</li>\r\n            <li><strong>Advanced Display:</strong> Digital voltage display with advanced monitoring</li>\r\n            <li><strong>Forced Air Cooling:</strong> Forced air cooling with temperature control</li>\r\n        </ul>\r\n\r\n        <h3>Applications:</h3>\r\n        <ul>\r\n            <li>Industrial manufacturing facilities</li>\r\n            <li>Commercial buildings and offices</li>\r\n            <li>Data centers and server rooms</li>\r\n            <li>Hospitals and medical facilities</li>\r\n            <li>Telecommunications facilities</li>\r\n            <li>Large-scale industrial equipment</li>\r\n            <li>Three-phase motor applications</li>\r\n        </ul>\r\n\r\n        <h3>Technical Specifications:</h3>\r\n        <ul>\r\n            <li><strong>Input Voltage Range:</strong> 140V - 260V AC (Single phase) / 380V AC 20% (Three phase)</li>\r\n            <li><strong>Output Voltage:</strong> 220V AC 3% (Single phase) / 380V AC 3% (Three phase)</li>\r\n            <li><strong>Input Frequency:</strong> 50/60 Hz</li>\r\n            <li><strong>Output Frequency:</strong> 50/60 Hz</li>\r\n            <li><strong>Voltage Regulation:</strong> 3%</li>\r\n            <li><strong>Response Time:</strong> <0.5 seconds</li>\r\n            <li><strong>Efficiency:</strong> >96%</li>\r\n            <li><strong>Power Factor:</strong> 0.8 ~ 1 (Lagging)</li>\r\n            <li><strong>Operating Environment:</strong> 0C - 45C, 20% - 90% (Non condensing)</li>\r\n            <li><strong>Noise Level:</strong> <45 dBA at 1m distance</li>\r\n            <li><strong>Mounting:</strong> Floor mounting / Wall mounting options available</li>\r\n        </ul>\r\n\r\n        <p><strong>Note:</strong> Actual specifications may vary. Three-phase models available for higher capacity requirements. For detailed information and custom configurations, please contact Micro Control Technology.</p>',NULL,NULL,NULL,'Contact for pricing',0,'{\"Input\": {\"Frequency\": \"50/60 Hz\", \"Voltage Range\": \"140V - 260V AC (Single phase) / 380V AC 20% (Three phase)\"}, \"Model\": \"STB-100000\", \"Output\": {\"Voltage\": \"220V AC 3% (Single phase) / 380V AC 3% (Three phase)\", \"Frequency\": \"50/60 Hz\", \"Voltage Regulation\": \"3%\"}, \"Cooling\": \"Forced air cooling with temperature control\", \"Display\": \"Digital voltage display with advanced monitoring\", \"Capacity\": \"100KVA\", \"Mounting\": \"Floor mounting / Wall mounting options available\", \"Indicators\": \"Input voltage (green), Output voltage (green), Overload (red), Fault (red), Phase status (for three phase models)\", \"Protection\": \"Over voltage protection, Under voltage protection, Overload protection, Short circuit protection, Thermal protection, Phase failure protection (for three phase models)\", \"Technology\": \"Servo motor controlled voltage stabilizer\", \"Noise Level\": \"<45 dBA at 1m distance\", \"Performance\": {\"Efficiency\": \">96%\", \"Power Factor\": \"0.8 ~ 1 (Lagging)\", \"Response Time\": \"<0.5 seconds\"}, \"Operating Environment\": {\"Humidity\": \"20% - 90% (Non condensing)\", \"Temperature\": \"0C - 45C\"}}','[{\"url\": \"/Product Report/Stabilizer2.pdf\", \"name\": \"Stabilizer Catalog 2\", \"type\": \"pdf\"}]','Voltage Stabilizer STB-100000 (100KVA) - Micro Control Technology','High-capacity servo motor controlled voltage stabilizer STB-100000 with 100KVA capacity. Fast response time, high efficiency, comprehensive protection. Ideal for industrial and commercial applications.','voltage stabilizer, STB-100000, 100KVA, servo motor, voltage regulation, industrial stabilizer, power protection, Micro Control Technology',NULL,1,0,NULL,8,'2025-11-28 15:05:15','2025-11-28 15:05:15',NULL);
/*!40000 ALTER TABLE `products` ENABLE KEYS */;
UNLOCK TABLES;

--
-- Table structure for table `role_permission`
--

DROP TABLE IF EXISTS `role_permission`;
/*!40101 SET @saved_cs_client     = @@character_set_client */;
/*!50503 SET character_set_client = utf8mb4 */;
CREATE TABLE `role_permission` (
  `id` bigint unsigned NOT NULL AUTO_INCREMENT,
  `role_id` bigint unsigned NOT NULL,
  `permission_id` bigint unsigned NOT NULL,
  `created_at` timestamp NULL DEFAULT NULL,
  `updated_at` timestamp NULL DEFAULT NULL,
  PRIMARY KEY (`id`),
  UNIQUE KEY `role_permission_role_id_permission_id_unique` (`role_id`,`permission_id`),
  KEY `role_permission_permission_id_foreign` (`permission_id`),
  CONSTRAINT `role_permission_permission_id_foreign` FOREIGN KEY (`permission_id`) REFERENCES `permissions` (`id`) ON DELETE CASCADE,
  CONSTRAINT `role_permission_role_id_foreign` FOREIGN KEY (`role_id`) REFERENCES `roles` (`id`) ON DELETE CASCADE
) ENGINE=InnoDB AUTO_INCREMENT=36 DEFAULT CHARSET=utf8mb4 COLLATE=utf8mb4_unicode_ci;
/*!40101 SET character_set_client = @saved_cs_client */;

--
-- Dumping data for table `role_permission`
--

LOCK TABLES `role_permission` WRITE;
/*!40000 ALTER TABLE `role_permission` DISABLE KEYS */;
INSERT INTO `role_permission` VALUES (1,1,1,NULL,NULL),(2,1,2,NULL,NULL),(3,1,3,NULL,NULL),(4,1,4,NULL,NULL),(5,1,5,NULL,NULL),(6,1,6,NULL,NULL),(7,1,7,NULL,NULL),(8,1,8,NULL,NULL),(9,1,9,NULL,NULL),(10,1,10,NULL,NULL),(11,1,11,NULL,NULL),(12,1,12,NULL,NULL),(13,1,13,NULL,NULL),(14,1,14,NULL,NULL),(15,1,15,NULL,NULL),(16,1,16,NULL,NULL),(17,1,17,NULL,NULL),(18,2,1,NULL,NULL),(19,2,2,NULL,NULL),(20,2,3,NULL,NULL),(21,2,4,NULL,NULL),(22,2,5,NULL,NULL),(23,2,6,NULL,NULL),(24,3,1,NULL,NULL),(25,3,5,NULL,NULL),(26,3,6,NULL,NULL),(27,3,9,NULL,NULL),(28,3,10,NULL,NULL),(29,3,11,NULL,NULL),(30,3,12,NULL,NULL),(31,4,1,NULL,NULL),(32,4,13,NULL,NULL),(33,4,14,NULL,NULL),(34,5,1,NULL,NULL),(35,5,9,NULL,NULL);
/*!40000 ALTER TABLE `role_permission` ENABLE KEYS */;
UNLOCK TABLES;

--
-- Table structure for table `roles`
--

DROP TABLE IF EXISTS `roles`;
/*!40101 SET @saved_cs_client     = @@character_set_client */;
/*!50503 SET character_set_client = utf8mb4 */;
CREATE TABLE `roles` (
  `id` bigint unsigned NOT NULL AUTO_INCREMENT,
  `name` varchar(255) COLLATE utf8mb4_unicode_ci NOT NULL,
  `slug` varchar(255) COLLATE utf8mb4_unicode_ci NOT NULL,
  `description` text COLLATE utf8mb4_unicode_ci,
  `is_system` tinyint(1) NOT NULL DEFAULT '0',
  `is_active` tinyint(1) NOT NULL DEFAULT '1',
  `order` int NOT NULL DEFAULT '0',
  `created_at` timestamp NULL DEFAULT NULL,
  `updated_at` timestamp NULL DEFAULT NULL,
  PRIMARY KEY (`id`),
  UNIQUE KEY `roles_name_unique` (`name`),
  UNIQUE KEY `roles_slug_unique` (`slug`)
) ENGINE=InnoDB AUTO_INCREMENT=6 DEFAULT CHARSET=utf8mb4 COLLATE=utf8mb4_unicode_ci;
/*!40101 SET character_set_client = @saved_cs_client */;

--
-- Dumping data for table `roles`
--

LOCK TABLES `roles` WRITE;
/*!40000 ALTER TABLE `roles` DISABLE KEYS */;
INSERT INTO `roles` VALUES (1,'Administrator','administrator','Full access to all features and settings',1,1,1,'2025-11-28 15:05:13','2025-11-28 15:05:13'),(2,'Content Manager','content-manager','Manage site content (about, services, products, blog) and media assets',1,1,2,'2025-11-28 15:05:13','2025-11-28 15:05:13'),(3,'Marketing Manager','marketing-manager','Handle inbound leads, newsletters, and marketing content',1,1,3,'2025-11-28 15:05:13','2025-11-28 15:05:13'),(4,'HR Manager','hr-manager','Manage careers and job applications',1,1,4,'2025-11-28 15:05:13','2025-11-28 15:05:13'),(5,'Support Staff','support-staff','Read-only operational access for monitoring leads',1,1,5,'2025-11-28 15:05:13','2025-11-28 15:05:13');
/*!40000 ALTER TABLE `roles` ENABLE KEYS */;
UNLOCK TABLES;

--
-- Table structure for table `services`
--

DROP TABLE IF EXISTS `services`;
/*!40101 SET @saved_cs_client     = @@character_set_client */;
/*!50503 SET character_set_client = utf8mb4 */;
CREATE TABLE `services` (
  `id` bigint unsigned NOT NULL AUTO_INCREMENT,
  `title` varchar(255) COLLATE utf8mb4_unicode_ci NOT NULL,
  `slug` varchar(255) COLLATE utf8mb4_unicode_ci NOT NULL,
  `short_description` text COLLATE utf8mb4_unicode_ci,
  `description` text COLLATE utf8mb4_unicode_ci,
  `icon` varchar(255) COLLATE utf8mb4_unicode_ci DEFAULT NULL,
  `image` varchar(255) COLLATE utf8mb4_unicode_ci DEFAULT NULL,
  `price_range` varchar(255) COLLATE utf8mb4_unicode_ci DEFAULT NULL,
  `features` json DEFAULT NULL,
  `benefits` json DEFAULT NULL,
  `meta_title` varchar(255) COLLATE utf8mb4_unicode_ci DEFAULT NULL,
  `meta_description` text COLLATE utf8mb4_unicode_ci,
  `meta_keywords` varchar(255) COLLATE utf8mb4_unicode_ci DEFAULT NULL,
  `og_image` varchar(255) COLLATE utf8mb4_unicode_ci DEFAULT NULL,
  `published` tinyint(1) NOT NULL DEFAULT '0',
  `order` int NOT NULL DEFAULT '0',
  `created_at` timestamp NULL DEFAULT NULL,
  `updated_at` timestamp NULL DEFAULT NULL,
  `deleted_at` timestamp NULL DEFAULT NULL,
  PRIMARY KEY (`id`),
  UNIQUE KEY `services_slug_unique` (`slug`)
) ENGINE=InnoDB AUTO_INCREMENT=5 DEFAULT CHARSET=utf8mb4 COLLATE=utf8mb4_unicode_ci;
/*!40101 SET character_set_client = @saved_cs_client */;

--
-- Dumping data for table `services`
--

LOCK TABLES `services` WRITE;
/*!40000 ALTER TABLE `services` DISABLE KEYS */;
INSERT INTO `services` VALUES (1,'UPS Installation','ups-installation','Professional installation of offline and online UPS systems for homes and businesses.','<p>Our expert technicians provide professional UPS installation services for both offline and online systems. We ensure proper setup, configuration, and testing to guarantee optimal performance.</p><h3>What We Offer:</h3><ul><li>Site assessment and capacity planning</li><li>Professional installation</li><li>System configuration and testing</li><li>User training</li><li>Warranty support</li></ul>','mdi-battery-charging-high',NULL,'Contact for quote','[\"Expert Technicians\", \"Quality Installation\", \"Testing & Verification\", \"Ongoing Support\"]','[\"Proper Setup\", \"Optimal Performance\", \"Extended Lifespan\", \"Peace of Mind\"]',NULL,NULL,NULL,NULL,1,1,'2025-11-28 15:05:14','2025-11-28 15:05:14',NULL),(2,'Battery Replacement','battery-replacement','Quick and reliable battery replacement service for all UPS systems.','<p>Keep your UPS system running at peak performance with our professional battery replacement service. We stock quality batteries compatible with all major UPS brands.</p><h3>Services Include:</h3><ul><li>Battery testing and diagnosis</li><li>Quality replacement batteries</li><li>Professional installation</li><li>Old battery disposal</li><li>System testing after replacement</li></ul>','mdi-battery-sync',NULL,'Contact for pricing','[\"Quality Batteries\", \"Quick Service\", \"Proper Disposal\", \"Warranty Included\"]','[\"Restored Performance\", \"Extended UPS Life\", \"Reliable Backup\", \"Cost Effective\"]',NULL,NULL,NULL,NULL,1,2,'2025-11-28 15:05:14','2025-11-28 15:05:14',NULL),(3,'UPS Maintenance & Repair','ups-maintenance-repair','Comprehensive maintenance and repair services to keep your UPS systems running smoothly.','<p>Regular maintenance and timely repairs are essential for UPS reliability. Our experienced technicians provide comprehensive maintenance and repair services for all UPS systems.</p><h3>Our Services:</h3><ul><li>Regular maintenance checks</li><li>Component replacement</li><li>Motherboard repair/replacement</li><li>System diagnostics</li><li>Preventive maintenance programs</li></ul>','mdi-tools',NULL,'Contact for quote','[\"24/7 Support\", \"Expert Technicians\", \"Quality Parts\", \"Fast Response\"]','[\"Reduced Downtime\", \"Extended Lifespan\", \"Cost Savings\", \"Reliable Operation\"]',NULL,NULL,NULL,NULL,1,3,'2025-11-28 15:05:14','2025-11-28 15:05:14',NULL),(4,'Power Solutions Consultation','power-solutions-consultation','Expert consultation to help you choose the right power solution for your needs.','<p>Not sure which UPS system is right for you? Our experts provide comprehensive consultation to help you select the perfect power solution based on your specific requirements.</p><h3>Consultation Services:</h3><ul><li>Power requirement analysis</li><li>System recommendations</li><li>Cost-benefit analysis</li><li>Installation planning</li><li>Ongoing support planning</li></ul>','mdi-lightning-bolt',NULL,'Free consultation','[\"Expert Advice\", \"Custom Solutions\", \"Cost Analysis\", \"Long-term Planning\"]','[\"Right Solution\", \"Cost Optimization\", \"Future-proofing\", \"Informed Decisions\"]',NULL,NULL,NULL,NULL,1,4,'2025-11-28 15:05:14','2025-11-28 15:05:14',NULL);
/*!40000 ALTER TABLE `services` ENABLE KEYS */;
UNLOCK TABLES;

--
-- Table structure for table `sessions`
--

DROP TABLE IF EXISTS `sessions`;
/*!40101 SET @saved_cs_client     = @@character_set_client */;
/*!50503 SET character_set_client = utf8mb4 */;
CREATE TABLE `sessions` (
  `id` varchar(255) COLLATE utf8mb4_unicode_ci NOT NULL,
  `user_id` bigint unsigned DEFAULT NULL,
  `ip_address` varchar(45) COLLATE utf8mb4_unicode_ci DEFAULT NULL,
  `user_agent` text COLLATE utf8mb4_unicode_ci,
  `payload` longtext COLLATE utf8mb4_unicode_ci NOT NULL,
  `last_activity` int NOT NULL,
  PRIMARY KEY (`id`),
  KEY `sessions_user_id_index` (`user_id`),
  KEY `sessions_last_activity_index` (`last_activity`)
) ENGINE=InnoDB DEFAULT CHARSET=utf8mb4 COLLATE=utf8mb4_unicode_ci;
/*!40101 SET character_set_client = @saved_cs_client */;

--
-- Dumping data for table `sessions`
--

LOCK TABLES `sessions` WRITE;
/*!40000 ALTER TABLE `sessions` DISABLE KEYS */;
INSERT INTO `sessions` VALUES ('aqRQS8qpA88tpyQ5oexzWHTuIDRR8SlwcDmT18Hb',NULL,'127.0.0.1','Mozilla/5.0 (Windows NT 10.0; Win64; x64; rv:145.0) Gecko/20100101 Firefox/145.0','YTozOntzOjY6Il90b2tlbiI7czo0MDoiMlpWWFdnY2lKVE16ekNtdEtyN1FVT2YyMHR4Q2J0VXBXc2wwVW5qQiI7czo5OiJfcHJldmlvdXMiO2E6MTp7czozOiJ1cmwiO3M6MjY6Imh0dHA6Ly9zaC50ZXN0L2FkbWluL2xvZ2luIjt9czo2OiJfZmxhc2giO2E6Mjp7czozOiJvbGQiO2E6MDp7fXM6MzoibmV3IjthOjA6e319fQ==',1764342279);
/*!40000 ALTER TABLE `sessions` ENABLE KEYS */;
UNLOCK TABLES;

--
-- Table structure for table `settings`
--

DROP TABLE IF EXISTS `settings`;
/*!40101 SET @saved_cs_client     = @@character_set_client */;
/*!50503 SET character_set_client = utf8mb4 */;
CREATE TABLE `settings` (
  `id` bigint unsigned NOT NULL AUTO_INCREMENT,
  `key` varchar(255) COLLATE utf8mb4_unicode_ci NOT NULL,
  `value` text COLLATE utf8mb4_unicode_ci,
  `type` varchar(255) COLLATE utf8mb4_unicode_ci NOT NULL DEFAULT 'text',
  `group` varchar(255) COLLATE utf8mb4_unicode_ci NOT NULL DEFAULT 'general',
  `description` text COLLATE utf8mb4_unicode_ci,
  `created_at` timestamp NULL DEFAULT NULL,
  `updated_at` timestamp NULL DEFAULT NULL,
  PRIMARY KEY (`id`),
  UNIQUE KEY `settings_key_unique` (`key`)
) ENGINE=InnoDB AUTO_INCREMENT=15 DEFAULT CHARSET=utf8mb4 COLLATE=utf8mb4_unicode_ci;
/*!40101 SET character_set_client = @saved_cs_client */;

--
-- Dumping data for table `settings`
--

LOCK TABLES `settings` WRITE;
/*!40000 ALTER TABLE `settings` DISABLE KEYS */;
INSERT INTO `settings` VALUES (1,'site_name','MICRO CONTROL TECHNOLOGY','text','general',NULL,'2025-11-28 15:05:14','2025-11-28 15:05:14'),(2,'site_tagline','TECHNOLOGY','text','general',NULL,'2025-11-28 15:05:14','2025-11-28 15:05:14'),(3,'contact_email','info@microcontrol.com','email','general',NULL,'2025-11-28 15:05:14','2025-11-28 15:05:14'),(4,'contact_phone','+8801712258689','text','general',NULL,'2025-11-28 15:05:14','2025-11-28 15:05:14'),(5,'whatsapp_number','+8801712258689','text','general',NULL,'2025-11-28 15:05:14','2025-11-28 15:05:14'),(6,'address','House 15, Road 13, Block D, Section 06, Mirpur, Dhaka.','textarea','general',NULL,'2025-11-28 15:05:14','2025-11-28 15:05:14'),(7,'owner_name','Md. Maniruzzaman','text','general',NULL,'2025-11-28 15:05:14','2025-11-28 15:05:14'),(8,'facebook_url','','url','social',NULL,'2025-11-28 15:05:14','2025-11-28 15:05:14'),(9,'twitter_url','','url','social',NULL,'2025-11-28 15:05:14','2025-11-28 15:05:14'),(10,'linkedin_url','','url','social',NULL,'2025-11-28 15:05:14','2025-11-28 15:05:14'),(11,'instagram_url','','url','social',NULL,'2025-11-28 15:05:14','2025-11-28 15:05:14'),(12,'meta_title','MICRO CONTROL TECHNOLOGY - UPS, Battery & Power Solutions in Dhaka','text','seo',NULL,'2025-11-28 15:05:14','2025-11-28 15:05:14'),(13,'meta_description','Leading provider of Offline and Online UPS systems, batteries, UPS motherboards, and power solutions in Mirpur, Dhaka. 15+ years of experience with 500+ systems installed.','textarea','seo',NULL,'2025-11-28 15:05:14','2025-11-28 15:05:14'),(14,'meta_keywords','UPS, offline UPS, online UPS, battery, UPS motherboard, power solutions, Mirpur Dhaka, uninterruptible power supply','text','seo',NULL,'2025-11-28 15:05:14','2025-11-28 15:05:14');
/*!40000 ALTER TABLE `settings` ENABLE KEYS */;
UNLOCK TABLES;

--
-- Table structure for table `tag_post`
--

DROP TABLE IF EXISTS `tag_post`;
/*!40101 SET @saved_cs_client     = @@character_set_client */;
/*!50503 SET character_set_client = utf8mb4 */;
CREATE TABLE `tag_post` (
  `id` bigint unsigned NOT NULL AUTO_INCREMENT,
  `tag_id` bigint unsigned NOT NULL,
  `blog_post_id` bigint unsigned NOT NULL,
  `created_at` timestamp NULL DEFAULT NULL,
  `updated_at` timestamp NULL DEFAULT NULL,
  PRIMARY KEY (`id`),
  KEY `tag_post_tag_id_foreign` (`tag_id`),
  KEY `tag_post_blog_post_id_foreign` (`blog_post_id`),
  CONSTRAINT `tag_post_blog_post_id_foreign` FOREIGN KEY (`blog_post_id`) REFERENCES `blog_posts` (`id`) ON DELETE CASCADE,
  CONSTRAINT `tag_post_tag_id_foreign` FOREIGN KEY (`tag_id`) REFERENCES `tags` (`id`) ON DELETE CASCADE
) ENGINE=InnoDB AUTO_INCREMENT=10 DEFAULT CHARSET=utf8mb4 COLLATE=utf8mb4_unicode_ci;
/*!40101 SET character_set_client = @saved_cs_client */;

--
-- Dumping data for table `tag_post`
--

LOCK TABLES `tag_post` WRITE;
/*!40000 ALTER TABLE `tag_post` DISABLE KEYS */;
INSERT INTO `tag_post` VALUES (1,17,1,NULL,NULL),(2,18,1,NULL,NULL),(3,19,1,NULL,NULL),(4,17,2,NULL,NULL),(5,18,2,NULL,NULL),(6,17,3,NULL,NULL),(7,18,3,NULL,NULL),(8,19,3,NULL,NULL),(9,20,3,NULL,NULL);
/*!40000 ALTER TABLE `tag_post` ENABLE KEYS */;
UNLOCK TABLES;

--
-- Table structure for table `tag_product`
--

DROP TABLE IF EXISTS `tag_product`;
/*!40101 SET @saved_cs_client     = @@character_set_client */;
/*!50503 SET character_set_client = utf8mb4 */;
CREATE TABLE `tag_product` (
  `id` bigint unsigned NOT NULL AUTO_INCREMENT,
  `tag_id` bigint unsigned NOT NULL,
  `product_id` bigint unsigned NOT NULL,
  `created_at` timestamp NULL DEFAULT NULL,
  `updated_at` timestamp NULL DEFAULT NULL,
  PRIMARY KEY (`id`),
  KEY `tag_product_tag_id_foreign` (`tag_id`),
  KEY `tag_product_product_id_foreign` (`product_id`),
  CONSTRAINT `tag_product_product_id_foreign` FOREIGN KEY (`product_id`) REFERENCES `products` (`id`) ON DELETE CASCADE,
  CONSTRAINT `tag_product_tag_id_foreign` FOREIGN KEY (`tag_id`) REFERENCES `tags` (`id`) ON DELETE CASCADE
) ENGINE=InnoDB DEFAULT CHARSET=utf8mb4 COLLATE=utf8mb4_unicode_ci;
/*!40101 SET character_set_client = @saved_cs_client */;

--
-- Dumping data for table `tag_product`
--

LOCK TABLES `tag_product` WRITE;
/*!40000 ALTER TABLE `tag_product` DISABLE KEYS */;
/*!40000 ALTER TABLE `tag_product` ENABLE KEYS */;
UNLOCK TABLES;

--
-- Table structure for table `tag_service`
--

DROP TABLE IF EXISTS `tag_service`;
/*!40101 SET @saved_cs_client     = @@character_set_client */;
/*!50503 SET character_set_client = utf8mb4 */;
CREATE TABLE `tag_service` (
  `id` bigint unsigned NOT NULL AUTO_INCREMENT,
  `tag_id` bigint unsigned NOT NULL,
  `service_id` bigint unsigned NOT NULL,
  `created_at` timestamp NULL DEFAULT NULL,
  `updated_at` timestamp NULL DEFAULT NULL,
  PRIMARY KEY (`id`),
  KEY `tag_service_tag_id_foreign` (`tag_id`),
  KEY `tag_service_service_id_foreign` (`service_id`),
  CONSTRAINT `tag_service_service_id_foreign` FOREIGN KEY (`service_id`) REFERENCES `services` (`id`) ON DELETE CASCADE,
  CONSTRAINT `tag_service_tag_id_foreign` FOREIGN KEY (`tag_id`) REFERENCES `tags` (`id`) ON DELETE CASCADE
) ENGINE=InnoDB AUTO_INCREMENT=13 DEFAULT CHARSET=utf8mb4 COLLATE=utf8mb4_unicode_ci;
/*!40101 SET character_set_client = @saved_cs_client */;

--
-- Dumping data for table `tag_service`
--

LOCK TABLES `tag_service` WRITE;
/*!40000 ALTER TABLE `tag_service` DISABLE KEYS */;
INSERT INTO `tag_service` VALUES (1,1,1,NULL,NULL),(2,2,1,NULL,NULL),(3,3,1,NULL,NULL),(4,4,1,NULL,NULL),(5,1,2,NULL,NULL),(6,2,2,NULL,NULL),(7,3,2,NULL,NULL),(8,1,3,NULL,NULL),(9,2,3,NULL,NULL),(10,1,4,NULL,NULL),(11,2,4,NULL,NULL),(12,3,4,NULL,NULL);
/*!40000 ALTER TABLE `tag_service` ENABLE KEYS */;
UNLOCK TABLES;

--
-- Table structure for table `tags`
--

DROP TABLE IF EXISTS `tags`;
/*!40101 SET @saved_cs_client     = @@character_set_client */;
/*!50503 SET character_set_client = utf8mb4 */;
CREATE TABLE `tags` (
  `id` bigint unsigned NOT NULL AUTO_INCREMENT,
  `name` varchar(255) COLLATE utf8mb4_unicode_ci NOT NULL,
  `slug` varchar(255) COLLATE utf8mb4_unicode_ci NOT NULL,
  `type` varchar(255) COLLATE utf8mb4_unicode_ci NOT NULL DEFAULT 'general',
  `description` text COLLATE utf8mb4_unicode_ci,
  `created_at` timestamp NULL DEFAULT NULL,
  `updated_at` timestamp NULL DEFAULT NULL,
  PRIMARY KEY (`id`),
  UNIQUE KEY `tags_slug_unique` (`slug`)
) ENGINE=InnoDB AUTO_INCREMENT=25 DEFAULT CHARSET=utf8mb4 COLLATE=utf8mb4_unicode_ci;
/*!40101 SET character_set_client = @saved_cs_client */;

--
-- Dumping data for table `tags`
--

LOCK TABLES `tags` WRITE;
/*!40000 ALTER TABLE `tags` DISABLE KEYS */;
INSERT INTO `tags` VALUES (1,'Business','business-service','service',NULL,'2025-11-28 15:05:14','2025-11-28 15:05:14'),(2,'Technology','technology-service','service',NULL,'2025-11-28 15:05:14','2025-11-28 15:05:14'),(3,'Innovation','innovation-service','service',NULL,'2025-11-28 15:05:14','2025-11-28 15:05:14'),(4,'Strategy','strategy-service','service',NULL,'2025-11-28 15:05:14','2025-11-28 15:05:14'),(5,'Growth','growth-service','service',NULL,'2025-11-28 15:05:14','2025-11-28 15:05:14'),(6,'Digital','digital-service','service',NULL,'2025-11-28 15:05:14','2025-11-28 15:05:14'),(7,'Marketing','marketing-service','service',NULL,'2025-11-28 15:05:14','2025-11-28 15:05:14'),(8,'Sales','sales-service','service',NULL,'2025-11-28 15:05:14','2025-11-28 15:05:14'),(9,'Business','business-product','product',NULL,'2025-11-28 15:05:14','2025-11-28 15:05:14'),(10,'Technology','technology-product','product',NULL,'2025-11-28 15:05:14','2025-11-28 15:05:14'),(11,'Innovation','innovation-product','product',NULL,'2025-11-28 15:05:14','2025-11-28 15:05:14'),(12,'Strategy','strategy-product','product',NULL,'2025-11-28 15:05:14','2025-11-28 15:05:14'),(13,'Growth','growth-product','product',NULL,'2025-11-28 15:05:14','2025-11-28 15:05:14'),(14,'Digital','digital-product','product',NULL,'2025-11-28 15:05:14','2025-11-28 15:05:14'),(15,'Marketing','marketing-product','product',NULL,'2025-11-28 15:05:14','2025-11-28 15:05:14'),(16,'Sales','sales-product','product',NULL,'2025-11-28 15:05:14','2025-11-28 15:05:14'),(17,'Business','business-post','post',NULL,'2025-11-28 15:05:14','2025-11-28 15:05:14'),(18,'Technology','technology-post','post',NULL,'2025-11-28 15:05:14','2025-11-28 15:05:14'),(19,'Innovation','innovation-post','post',NULL,'2025-11-28 15:05:14','2025-11-28 15:05:14'),(20,'Strategy','strategy-post','post',NULL,'2025-11-28 15:05:14','2025-11-28 15:05:14'),(21,'Growth','growth-post','post',NULL,'2025-11-28 15:05:14','2025-11-28 15:05:14'),(22,'Digital','digital-post','post',NULL,'2025-11-28 15:05:14','2025-11-28 15:05:14'),(23,'Marketing','marketing-post','post',NULL,'2025-11-28 15:05:14','2025-11-28 15:05:14'),(24,'Sales','sales-post','post',NULL,'2025-11-28 15:05:14','2025-11-28 15:05:14');
/*!40000 ALTER TABLE `tags` ENABLE KEYS */;
UNLOCK TABLES;

--
-- Table structure for table `user_role`
--

DROP TABLE IF EXISTS `user_role`;
/*!40101 SET @saved_cs_client     = @@character_set_client */;
/*!50503 SET character_set_client = utf8mb4 */;
CREATE TABLE `user_role` (
  `id` bigint unsigned NOT NULL AUTO_INCREMENT,
  `user_id` bigint unsigned NOT NULL,
  `role_id` bigint unsigned NOT NULL,
  `created_at` timestamp NULL DEFAULT NULL,
  `updated_at` timestamp NULL DEFAULT NULL,
  PRIMARY KEY (`id`),
  UNIQUE KEY `user_role_user_id_role_id_unique` (`user_id`,`role_id`),
  KEY `user_role_role_id_foreign` (`role_id`),
  CONSTRAINT `user_role_role_id_foreign` FOREIGN KEY (`role_id`) REFERENCES `roles` (`id`) ON DELETE CASCADE,
  CONSTRAINT `user_role_user_id_foreign` FOREIGN KEY (`user_id`) REFERENCES `users` (`id`) ON DELETE CASCADE
) ENGINE=InnoDB AUTO_INCREMENT=6 DEFAULT CHARSET=utf8mb4 COLLATE=utf8mb4_unicode_ci;
/*!40101 SET character_set_client = @saved_cs_client */;

--
-- Dumping data for table `user_role`
--

LOCK TABLES `user_role` WRITE;
/*!40000 ALTER TABLE `user_role` DISABLE KEYS */;
INSERT INTO `user_role` VALUES (1,1,1,NULL,NULL),(2,2,2,NULL,NULL),(3,3,3,NULL,NULL),(4,4,4,NULL,NULL),(5,5,5,NULL,NULL);
/*!40000 ALTER TABLE `user_role` ENABLE KEYS */;
UNLOCK TABLES;

--
-- Table structure for table `users`
--

DROP TABLE IF EXISTS `users`;
/*!40101 SET @saved_cs_client     = @@character_set_client */;
/*!50503 SET character_set_client = utf8mb4 */;
CREATE TABLE `users` (
  `id` bigint unsigned NOT NULL AUTO_INCREMENT,
  `name` varchar(255) COLLATE utf8mb4_unicode_ci NOT NULL,
  `email` varchar(255) COLLATE utf8mb4_unicode_ci NOT NULL,
  `is_active` tinyint(1) NOT NULL DEFAULT '1',
  `phone` varchar(255) COLLATE utf8mb4_unicode_ci DEFAULT NULL,
  `date_of_birth` date DEFAULT NULL,
  `gender` enum('male','female','other') COLLATE utf8mb4_unicode_ci DEFAULT NULL,
  `address` text COLLATE utf8mb4_unicode_ci,
  `city` varchar(255) COLLATE utf8mb4_unicode_ci DEFAULT NULL,
  `state` varchar(255) COLLATE utf8mb4_unicode_ci DEFAULT NULL,
  `country` varchar(255) COLLATE utf8mb4_unicode_ci DEFAULT NULL,
  `postal_code` varchar(255) COLLATE utf8mb4_unicode_ci DEFAULT NULL,
  `bio` text COLLATE utf8mb4_unicode_ci,
  `avatar` varchar(255) COLLATE utf8mb4_unicode_ci DEFAULT NULL,
  `email_verified_at` timestamp NULL DEFAULT NULL,
  `password` varchar(255) COLLATE utf8mb4_unicode_ci NOT NULL,
  `remember_token` varchar(100) COLLATE utf8mb4_unicode_ci DEFAULT NULL,
  `created_at` timestamp NULL DEFAULT NULL,
  `updated_at` timestamp NULL DEFAULT NULL,
  PRIMARY KEY (`id`),
  UNIQUE KEY `users_email_unique` (`email`)
) ENGINE=InnoDB AUTO_INCREMENT=6 DEFAULT CHARSET=utf8mb4 COLLATE=utf8mb4_unicode_ci;
/*!40101 SET character_set_client = @saved_cs_client */;

--
-- Dumping data for table `users`
--

LOCK TABLES `users` WRITE;
/*!40000 ALTER TABLE `users` DISABLE KEYS */;
INSERT INTO `users` VALUES (1,'Administrator','admin@mail.com',1,'+8801707080401',NULL,'male',NULL,'Dhaka','Dhaka','Bangladesh',NULL,'System Administrator with full access to all features and settings.',NULL,NULL,'$2y$12$5IhAIiAfWf2EY/tGz1n1Z.CXvXh9uI0nmnA13GVmLZ6QP7YJl/9Py',NULL,'2025-11-28 15:05:14','2025-11-28 15:05:14'),(2,'Content Manager','content@mail.com',1,'+8801707080402',NULL,'female',NULL,'Dhaka','Dhaka','Bangladesh',NULL,'Content Manager responsible for managing site content including about, services, products, and blog posts.',NULL,NULL,'$2y$12$mfDp5OZfPYutXqIIPSXbI.xBga/vKBDwQNH.CcOCpMYQ7vyCqXfFK',NULL,'2025-11-28 15:05:14','2025-11-28 15:05:14'),(3,'Marketing Manager','marketing@mail.com',1,'+8801707080403',NULL,'male',NULL,'Dhaka','Dhaka','Bangladesh',NULL,'Marketing Manager handling inbound leads, newsletters, and marketing content.',NULL,NULL,'$2y$12$sSezAeRWoD2om1caL64LAOhqK2HArzeuWq26J0019pFPwPcdeB.32',NULL,'2025-11-28 15:05:14','2025-11-28 15:05:14'),(4,'HR Manager','hr@mail.com',1,'+8801707080404',NULL,'female',NULL,'Dhaka','Dhaka','Bangladesh',NULL,'HR Manager responsible for managing careers and job applications.',NULL,NULL,'$2y$12$FMlpu8ptBRN9GNUOXzKRQOXHFHx6sENIN4jH2Lo9m.UNuI4N3xuw2',NULL,'2025-11-28 15:05:14','2025-11-28 15:05:14'),(5,'Support Staff','support@mail.com',1,'+8801707080405',NULL,'male',NULL,'Dhaka','Dhaka','Bangladesh',NULL,'Support Staff with read-only access for monitoring leads.',NULL,NULL,'$2y$12$HjAuc34yKzEAKgEEYI9VH.1qKJSl2z7d3Jo2/IfD7xqg0M0CrMsK2',NULL,'2025-11-28 15:05:14','2025-11-28 15:05:14');
/*!40000 ALTER TABLE `users` ENABLE KEYS */;
UNLOCK TABLES;

--
-- Table structure for table `visitor_logs`
--

DROP TABLE IF EXISTS `visitor_logs`;
/*!40101 SET @saved_cs_client     = @@character_set_client */;
/*!50503 SET character_set_client = utf8mb4 */;
CREATE TABLE `visitor_logs` (
  `id` bigint unsigned NOT NULL AUTO_INCREMENT,
  `ip_address` varchar(45) COLLATE utf8mb4_unicode_ci DEFAULT NULL,
  `user_agent` text COLLATE utf8mb4_unicode_ci,
  `url` varchar(255) COLLATE utf8mb4_unicode_ci DEFAULT NULL,
  `referer` varchar(255) COLLATE utf8mb4_unicode_ci DEFAULT NULL,
  `method` varchar(10) COLLATE utf8mb4_unicode_ci NOT NULL DEFAULT 'GET',
  `country` varchar(255) COLLATE utf8mb4_unicode_ci DEFAULT NULL,
  `city` varchar(255) COLLATE utf8mb4_unicode_ci DEFAULT NULL,
  `device_type` varchar(255) COLLATE utf8mb4_unicode_ci DEFAULT NULL,
  `browser` varchar(255) COLLATE utf8mb4_unicode_ci DEFAULT NULL,
  `os` varchar(255) COLLATE utf8mb4_unicode_ci DEFAULT NULL,
  `session_duration` int DEFAULT NULL,
  `page_views` int NOT NULL DEFAULT '1',
  `is_bot` tinyint(1) NOT NULL DEFAULT '0',
  `created_at` timestamp NULL DEFAULT NULL,
  `updated_at` timestamp NULL DEFAULT NULL,
  PRIMARY KEY (`id`),
  KEY `visitor_logs_ip_address_index` (`ip_address`),
  KEY `visitor_logs_url_index` (`url`),
  KEY `visitor_logs_created_at_index` (`created_at`),
  KEY `visitor_logs_is_bot_index` (`is_bot`),
  KEY `visitor_logs_ip_address_created_at_index` (`ip_address`,`created_at`)
) ENGINE=InnoDB DEFAULT CHARSET=utf8mb4 COLLATE=utf8mb4_unicode_ci;
/*!40101 SET character_set_client = @saved_cs_client */;

--
-- Dumping data for table `visitor_logs`
--

LOCK TABLES `visitor_logs` WRITE;
/*!40000 ALTER TABLE `visitor_logs` DISABLE KEYS */;
/*!40000 ALTER TABLE `visitor_logs` ENABLE KEYS */;
UNLOCK TABLES;
/*!40103 SET TIME_ZONE=@OLD_TIME_ZONE */;

/*!40101 SET SQL_MODE=@OLD_SQL_MODE */;
/*!40014 SET FOREIGN_KEY_CHECKS=@OLD_FOREIGN_KEY_CHECKS */;
/*!40014 SET UNIQUE_CHECKS=@OLD_UNIQUE_CHECKS */;
/*!40101 SET CHARACTER_SET_CLIENT=@OLD_CHARACTER_SET_CLIENT */;
/*!40101 SET CHARACTER_SET_RESULTS=@OLD_CHARACTER_SET_RESULTS */;
/*!40101 SET COLLATION_CONNECTION=@OLD_COLLATION_CONNECTION */;
/*!40111 SET SQL_NOTES=@OLD_SQL_NOTES */;

-- Dump completed on 2025-11-28 21:06:46
